Run #,BSH enzyme,Inhibitor,Replicate,Sample ID,TUDCA,TCDCA,TDCA,TCA,TLCA,GUDCA,GCDCA,GDCA,GCA,GLCA,CA d4,CDCA d4,DCA d4
Run 1,Ct,NI,1,Ct-NI-1,50.03672,6.9217,23.27307,6.43061,1.69597,0.40922,6.8516,15.07809,5.80068,1.02776,0.03216,0.03342,0.06869
Run 1,Ct,NI,2,Ct-NI-2,47.26314,6.24347,21.41157,7.38377,1.99116,0.54884,7.70181,16.77562,7.72536,1.30042,0.02789,0.03376,0.06511
Run 1,Ct,NI,3,Ct-NI-3,54.58052,7.62657,25.57718,8.05897,1.97353,0.82907,8.66165,18.28496,8.84835,1.05277,0.02265,0.03992,0.05725
Run 1,JL885,NI,1,JL885-NI-1,0.09495,0.02411,0.04375,0.04944,0.00167,0.01769,0.01551,0.00395,0.32745,0.00283,0.03805,0.04429,0.06744
Run 1,JL885,NI,2,JL885-NI-2,0.14979,0.02276,0.01523,0.07101,0.00391,0.0074,0.0262,0.00308,0.07294,0.00411,0.04143,0.03821,0.06765
Run 1,JL885,NI,3,JL885-NI-3,0.10876,0.03549,0.0264,0.01204,0.01182,0.00639,0.01807,0.00098,0.12249,0.0041,0.03876,0.04133,0.0743
Run 1,JL885,R,1,JL885-R-1,0.1409,0.02789,0.04734,0.07218,0.00722,0.01005,0.01286,0.0027,0.34678,0.00083,0.03594,0.04164,0.07597
Run 1,JL885,R,2,JL885-R-2,0.15557,0.02568,0.02755,0.06778,0.0022,0.00896,0.02294,0.00298,0.21901,0.00155,0.0389,0.03979,0.07466
Run 1,JL885,R,3,JL885-R-3,0.10212,0.0248,0.02953,0.09881,0.0063,0.00465,0.03428,0.00214,0.32047,0.00774,0.03479,0.02685,0.04802
Run 1,JL885,CAPE,1,JL885-CAPE-1,0.05241,0.05929,0.0401,0.09662,0.00742,0.00435,0.00983,0.00074,0.2094,0.0009,0.02991,0.04056,0.07016
Run 1,JL885,CAPE,2,JL885-CAPE-2,0.09009,0.01662,0.04439,0.05265,0.01481,0.012,0.01879,0.00607,0.20639,0,0.02761,0.03503,0.0666
Run 1,JL885,CAPE,3,JL885-CAPE-3,0.12227,0.01469,0.04365,0.05676,0.01378,0.01226,0.01438,0.00274,0.21516,0.00123,0.03111,0.03398,0.06977
Run 1,JL885,CAC,1,JL885-CAC-1,0.06729,0.0101,0.03205,0.0319,0.0013,0.00407,0.04568,0.00198,0.19585,0.00376,0.02366,0.04553,0.08948
Run 1,JL885,CAC,2,JL885-CAC-2,0.056,0.01085,0.02982,0.05089,0.002,0.00592,0.01797,0.00206,0.67097,0.00137,0.02153,0.03701,0.08131
Run 1,JL885,CAC,3,JL885-CAC-3,0.0503,0.00738,0.01911,0.03422,0.00378,0.00255,0.02888,0.00056,0.41833,0.0006,0.02745,0.04898,0.08969
Run 1,JL885,I,1,JL885-I-1,0.07604,0.01843,0.05664,0.06711,0.00581,0.01439,0.00854,0.00298,0.10153,0.00154,0.03164,0.04453,0.07172
Run 1,JL885,I,2,JL885-I-2,0.07888,0.01533,0.05104,0.11328,0.00356,0.00865,0.00928,0.00354,0.55198,0.00377,0.02878,0.04527,0.0717
Run 1,JL885,I,3,JL885-I-3,0.09326,0.01591,0.03356,0.06704,0.00118,0.01392,0.00721,0.00118,0.13689,0.00518,0.02838,0.03673,0.07484
Run 1,JL885,II,1,JL885-II-1,0.0847,0.02829,0.05688,0.03376,0.00381,0.00273,0.00911,0.00087,0.57784,0.00161,0.02311,0.03661,0.06652
Run 1,JL885,II,2,JL885-II-2,0.06735,0.03089,0.04988,0.08543,0.00567,0.001,0.00942,0.00147,0.15908,0.00523,0.02867,0.0287,0.07393
Run 1,JL885,II,3,JL885-II-3,0.06584,0.01925,0.04116,0.06905,0.01215,0.01489,0.01268,0.00365,0.48181,0.00368,0.03136,0.03797,0.07174
Run 1,JL885,III,1,JL885-III-1,0.04599,0.01477,0.03416,0.0465,0.00731,0.00138,0.00356,0.00072,0.18681,0.00106,0.03717,0.03949,0.06815
Run 1,JL885,III,2,JL885-III-2,0.07293,0.0139,0.02783,0.02367,0.0057,0.00194,0.01304,0.00248,0.1656,0.00565,0.03447,0.03735,0.0757
Run 1,JL885,III,3,JL885-III-3,0.06679,0.00994,0.03893,0.0641,0.00566,0.00403,0.01151,0.00419,0.25493,0,0.04016,0.04274,0.07173
Run 1,JL885,IV,1,JL885-IV-1,0.14173,0.02367,0.02139,0.02761,0.00518,0.08095,0.05056,0.00243,0.20583,0.00545,0.04681,0.05237,0.08318
Run 1,JL885,IV,2,JL885-IV-2,0.11103,0.0232,0.02991,0.04434,0.00296,0.12332,0.03633,0.00083,0.06578,0.00079,0.03729,0.03907,0.08021
Run 1,JL885,IV,3,JL885-IV-3,0.14875,0.05651,0.03461,0.05355,0.00414,0.01606,0.01234,0.00635,0.14722,0.0014,0.04524,0.05256,0.10471
Run 1,JL885,V,1,JL885-V-1,0.22415,0.05831,0.03168,0.03023,0.00547,0.00717,0.01203,0.00335,0.13566,0.00275,0.04807,0.05073,0.08456
Run 1,JL885,V,2,JL885-V-2,0.25303,0.03679,0.03561,0.0993,0.00562,0.03842,0.02128,0.00148,0.16398,0.00261,0.0392,0.04891,0.0728
Run 1,JL885,V,3,JL885-V-3,0.23995,0.03605,1.09648,0.05808,0.00396,0.0066,0.02676,0.01065,0.20999,0.00247,0.05026,0.04211,0.07401
Run 1,JL885,VI,1,JL885-VI-1,0.07881,0.09226,0.05233,0.08559,0.00309,0.01538,0.00604,0.00098,0.49478,0.00319,0.02469,0.04031,0.07108
Run 1,JL885,VI,2,JL885-VI-2,0.1294,0.0369,0.06819,0.05489,0.01339,0.01493,0.02133,0.01621,0.10417,0.0147,0.03432,0.03285,0.07842
Run 1,JL885,VI,3,JL885-VI-3,0.07617,0.02701,0.03671,0.03909,0.00136,0.01235,0.00276,0.00239,0.19038,0.00215,0.02574,0.04829,0.08889
Run 1,JL885,VII,1,JL885-VII-1,0.85238,0.06371,0.03406,0.09568,0.00434,0.16422,0.03527,0.00208,0.2486,0.00596,0.04191,0.04406,0.08555
Run 1,JL885,VII,2,JL885-VII-2,1.06751,0.09335,0.03794,0.15861,0.0039,0.06373,0.01931,0.00176,0.15325,0.00104,0.05245,0.04985,0.09406
Run 1,JL885,VII,3,JL885-VII-3,0.70157,0.06681,0.0467,0.05609,0.00427,0.02843,0.038,0.002,0.03253,0.00081,0.04134,0.05159,0.07987
Run 1,JL885,VIII,1,JL885-VIII-1,0.06557,0.01808,0.02947,0.0293,0.01077,0.00748,0.00666,0.00326,0.2949,0,0.0244,0.04112,0.08026
Run 1,JL885,VIII,2,JL885-VIII-2,0.11337,0.01987,0.05247,0.03296,0.0022,2.9008,0.00476,0.00485,1.145,0.00067,0.02141,0.05287,0.08828
Run 1,JL885,VIII,3,JL885-VIII-3,0.13135,0.03507,0.04513,0.02371,0.00281,6.02974,0.00757,0,0.66353,0.00306,0.02555,0.03265,0.07572
Run 1,JL885,IX,1,JL885-IX-1,0.13897,0.02591,0.06134,0.04089,0.00375,0.48738,0.29553,0.00409,0.19795,0.00665,0.01952,0.03577,0.08073
Run 1,JL885,IX,2,JL885-IX-2,0.18236,0.03146,0.06578,0.06292,0.00569,0.40999,0.01889,0.02936,0.40464,0.004,0.0269,0.0315,0.08051
Run 1,JL885,IX,3,JL885-IX-3,0.14177,0.03197,0.04647,0.06746,0.0049,0.02008,0.03018,0.01333,0.25886,0.0034,0.02124,0.03272,0.06973
Run 1,JL885,X,1,JL885-X-1,0.12569,0.01611,0.05715,0.08671,0.00395,0.17829,0.0145,0.00544,0.30558,0.00385,0.02922,0.03934,0.07843
Run 1,JL885,X,2,JL885-X-2,0.09709,0.01903,0.04079,0.05367,0.00338,0.02612,0.00935,0.01057,0.4778,0.00252,0.03141,0.04119,0.0934
Run 1,JL885,X,3,JL885-X-3,0.16293,0.03111,0.092,0.06254,0.00606,1.70488,0.01608,0.00646,0.63414,0.00635,0.03041,0.04586,0.08113
Run 1,JL885,XI,1,JL885-XI-1,3.36929,0.12889,1.30562,0.58909,0.00298,0.03536,0.62042,1.33238,0.84711,0.07055,0.02652,0.03987,0.07908
Run 1,JL885,XI,2,JL885-XI-2,0.09284,0.02057,0.07408,0.06124,0.00137,0.03247,0.01782,0.01802,1.20351,0.00518,0.01543,0.02951,0.05628
Run 1,JL885,XI,3,JL885-XI-3,0.0578,0.02425,0.06809,0.05329,0.00207,0.00916,0.0059,0.01051,0.70411,0.00459,0.02064,0.04344,0.06678
Run 1,JL885,XII,1,JL885-XII-1,0.09554,0.0353,0.01721,0.07185,0.00704,0.01335,0.01197,0.02348,0.08164,0.00372,0.04868,0.05579,0.07907
Run 1,JL885,XII,2,JL885-XII-2,0.06546,0.01296,0.04893,0.04262,0.00607,0.01115,0.01626,0.0218,0.095,0.00871,0.04779,0.04996,0.07563
Run 1,JL885,XII,3,JL885-XII-3,0.08681,0.0108,0.03398,0.05438,0.00137,0.0235,0.02113,0.00806,0.12201,0.00491,0.05653,0.04816,0.07857
Run 1,JL885,XIII,1,JL885-XIII-1,0.07735,0.0191,0.03929,0.0767,0.00403,0.00871,0.01,0.01465,0.13487,0.00491,0.03925,0.04077,0.09524
Run 1,JL885,XIII,2,JL885-XIII-2,0.14058,0.02652,0.09621,0.1171,0.00195,0.01399,0.05555,0.07047,0.09609,0.00407,0.03993,0.03871,0.08106
Run 1,JL885,XIII,3,JL885-XIII-3,0.04303,0.01186,0.01785,0.09992,0.00561,0.07187,0.00851,0.00141,0.1527,0.00421,0.04104,0.04475,0.08647
Run 1,JL885,XIV,1,JL885-XIV-1,0.05847,0.02827,0.04095,0.07468,0.00098,0.01267,0.01133,0.00133,0.11071,0.00154,0.04728,0.04624,0.08539
Run 1,JL885,XIV,2,JL885-XIV-2,0.06976,0.04546,0.04465,0.07481,0.00278,0.43206,0.01987,0.01652,0.12866,0.00192,0.04913,0.04586,0.08946
Run 1,JL885,XIV,3,JL885-XIV-3,0.50859,0.02424,0.18737,0.27346,0.00351,0.01219,0.14123,0.24156,0.08775,0.00909,0.0439,0.04174,0.07069
Run 1,JL885,XV,1,JL885-XV-1,0.09227,0.09773,0.02965,0.01915,0.01132,0.00711,0.02424,0.00583,0.19264,0.0043,0.04082,0.05088,0.07346
Run 1,JL885,XV,2,JL885-XV-2,0.32078,0.04702,0.17119,0.14627,0.01518,0.01802,0.07461,0.09483,0.14138,0.00498,0.04404,0.05149,0.0742
Run 1,JL885,XV,3,JL885-XV-3,0.04848,0.01917,0.04414,0.07553,0.00514,0.01422,0.03624,0.00719,0.20318,0.00389,0.04917,0.05052,0.08493
Run 2,Ct,NI,1,Ct-NI-1,32.75663,7.3569,12.44244,6.27547,0.91068,0.12281,2.71029,10.7068,4.8076,1.06511,0.04667,0.06289,0.12355
Run 2,Ct,NI,2,Ct-NI-2,36.07841,8.7067,14.33849,7.70728,0.95037,0.12586,3.21686,12.28197,5.71758,1.08658,0.04554,0.07069,0.1084
Run 2,Ct,NI,3,Ct-NI-3,34.46108,9.55961,14.7539,8.21118,0.93926,0.13741,3.41093,12.84238,6.27613,1.02691,0.04765,0.0681,0.11346
Run 2,A,NI,1,A-NI-1,0.02116,0.02144,0.01263,0.00198,0.00611,0.00192,0.00016,0.00352,1.23773,0.00239,0.02289,0.04776,0.10371
Run 2,A,NI,2,A-NI-2,0.02139,0.03095,0.00968,0.03802,0.00228,0.00168,0.00015,0.00113,1.23417,0.00058,0.01766,0.03746,0.09381
Run 2,A,NI,3,A-NI-3,0.02865,0.01975,0.00981,0.04862,0.0071,0.02982,0.00013,0.00286,1.66361,0.00105,0.0215,0.03635,0.08272
Run 2,A,R,1,A-R-1,0.01735,0.01354,0.00115,0.10637,0.00052,0.00226,0.00077,0.524,1.02539,0.00062,0.01537,0.03698,0.09522
Run 2,A,R,2,A-R-2,0.02741,0.01378,0.00961,0.11561,0.00102,0.00364,0.00009,0.88865,1.17801,0.00103,0.01741,0.03839,0.09736
Run 2,A,R,3,A-R-3,0.02429,0.01395,0.00584,0.10455,0.0051,0.00247,0.00007,0.67277,1.03685,0.00058,0.0163,0.04304,0.09747
Run 2,A,CAPE,1,A-CAPE-1,0.04695,0.03457,0.00838,0.03606,0.00205,0.00405,0.00162,0.00892,3.0037,0.00049,0.03805,0.05039,0.09408
Run 2,A,CAPE,2,A-CAPE-2,1.63166,0.06566,0.05415,0.33061,0.00329,0.01043,0.00908,0.01115,3.41584,0.00193,0.04013,0.06182,0.09961
Run 2,A,CAPE,3,A-CAPE-3,0.03301,0.04262,0.00687,0.03989,0.00058,0.00402,0.00093,0.00144,2.85051,0.00339,0.04302,0.05856,0.10318
Run 2,A,CAC,1,A-CAC-1,0.02244,0.00835,0.0073,0.03682,0.00014,0.00389,0.00304,0.00397,2.59207,0.00104,0.03821,0.05181,0.10159
Run 2,A,CAC,2,A-CAC-2,0.01971,0.01592,0.00604,0.03233,0.00034,0.00136,0.00107,0.00234,2.66272,0.00105,0.03379,0.05043,0.10276
Run 2,A,CAC,3,A-CAC-3,0.02594,0.01701,0.0081,0.02622,0.0002,0.0007,0.00143,0.00385,3.42937,0.00106,0.04372,0.05261,0.09617
Run 2,A,IV,1,A-IV-1,0.0609,0.00751,0.00768,0.02465,0.00883,0.00119,0.00201,0.00241,2.42723,0.00138,0.04343,0.05593,0.10655
Run 2,A,IV,2,A-IV-2,0.07467,0.02446,0.00333,0.03172,0.01348,0.00062,0.00016,0.00281,2.62025,0.00034,0.04672,0.06175,0.11493
Run 2,A,IV,3,A-IV-3,0.05289,0.00377,0.00753,0.03047,0.00514,0.00014,0.00019,0.00881,2.17576,0.00022,0.04598,0.06425,0.1196
Run 2,B,NI,1,B-NI-1,0.02158,0.00603,0.00387,0.02251,0.02467,0.01582,0.01417,4.47408,2.32647,0.00025,0.0266,0.05531,0.11396
Run 2,B,NI,2,B-NI-2,0.09548,0.00818,0.02864,0.03176,0.01904,0.02873,0.01929,6.14529,2.42282,0.00871,0.02439,0.0526,0.11838
Run 2,B,NI,3,B-NI-3,0.05175,0.03299,0.01761,0.01969,0.00873,0.02823,0.01298,6.1102,2.6832,0.00783,0.02651,0.05472,0.10119
Run 2,B,R,1,B-R-1,0.02124,0.01897,0.00565,0.29167,0.01106,0.10942,0.86563,8.71358,2.29582,0.00049,0.02119,0.04334,0.09607
Run 2,B,R,2,B-R-2,0.01222,0.0151,0.00386,0.25176,0.00563,0.10248,0.70761,7.86454,2.10052,0.0032,0.01877,0.04514,0.1046
Run 2,B,R,3,B-R-3,0.01906,0.01589,0.01013,0.18653,0.00977,0.15134,0.62157,6.91784,1.65395,0.00035,0.02348,0.04555,0.10536
Run 2,B,CAPE,1,B-CAPE-1,0.02128,0.021,0.0088,0.01883,0.01042,0.03079,0.00916,4.11367,4.7922,0.0028,0.04472,0.06409,0.12267
Run 2,B,CAPE,2,B-CAPE-2,0.0184,0.06359,0.00343,0.02224,0.00416,0.0404,0.00962,6.55029,4.63224,0.0003,0.03383,0.05753,0.10316
Run 2,B,CAPE,3,B-CAPE-3,0.10943,0.03513,0.04841,0.05433,0.01607,0.02662,0.02782,5.81552,4.8914,0.00555,0.03126,0.05787,0.10326
Run 2,B,CAC,1,B-CAC-1,0.0225,0.00201,0.00681,0.01891,0.0001,0.00613,0.00565,3.79334,3.69631,0.00062,0.03054,0.06143,0.109
Run 2,B,CAC,2,B-CAC-2,0.02626,0.01388,0.00823,0.02573,0.01071,0.01617,0.01096,5.24563,4.1644,0.0031,0.0351,0.05929,0.1043
Run 2,B,CAC,3,B-CAC-3,0.00586,0.02517,0.00796,0.02207,0.00697,0.00175,0.00822,2.76757,4.11387,0.00146,0.03755,0.05749,0.10558
Run 2,B,IV,1,B-IV-1,0.02707,0.00688,0.01033,0.03255,0.00682,0.03091,0.01168,5.1648,1.86579,0.0007,0.01949,0.04232,0.09796
Run 2,B,IV,2,B-IV-2,0.00858,0.00621,0.00351,0.01631,0.00399,0.01537,0.00705,3.38838,1.56315,0.00032,0.01809,0.04123,0.10268
Run 2,B,IV,3,B-IV-3,0.07704,0.01669,0.00825,0.02319,0.00489,261.08298,0.01346,1.38965,1.82654,0.02688,0.02118,0.03855,0.10143
Run 2,F,NI,1,F-NI-1,14.95668,0.28532,5.81938,6.93118,0.00028,0.00362,0.01429,0.00863,0.0162,0.00327,0.05164,0.07012,0.12509
Run 2,F,NI,2,F-NI-2,16.68798,0.3922,6.22742,6.27993,0.00021,0.00144,0.01785,0.01229,0.03469,0.00271,0.04698,0.06388,0.11878
Run 2,F,NI,3,F-NI-3,21.69479,1.32813,8.63084,6.93104,0.00025,0.00277,0.01747,0.00202,0.06027,0.00324,0.05594,0.07499,0.13142
Run 2,F,R,1,F-R-1,32.21974,5.77379,10.96954,3.13927,1.72164,0.13201,1.35298,6.07789,2.63197,0.04471,0.02596,0.05206,0.1073
Run 2,F,R,2,F-R-2,32.4753,5.94713,11.11574,3.45772,1.60437,0.15799,1.55771,7.20426,3.21218,0.15478,0.02739,0.05698,0.11007
Run 2,F,R,3,F-R-3,27.74686,5.2755,9.7869,3.08058,1.30366,0.10244,1.11474,5.4484,2.50245,0.03303,0.03263,0.0631,0.12841
Run 2,F,CAPE,1,F-CAPE-1,1.74915,0.10424,0.61801,0.98331,0.00082,0.00283,0.00922,0.01393,0.01347,0.00415,0.02934,0.04872,0.10566
Run 2,F,CAPE,2,F-CAPE-2,6.1464,0.11393,2.28902,1.80224,0.00102,0.0015,0.01009,0.00734,0.00677,0.00136,0.02839,0.05679,0.10823
Run 2,F,CAPE,3,F-CAPE-3,3.65941,0.14908,1.47167,1.79162,0.01089,0.00257,0.00729,0.00284,0.01256,0.00508,0.02808,0.05241,0.11024
Run 2,F,CAC,1,F-CAC-1,3.27646,0.07105,1.95182,1.94372,0.00394,0.0016,0.00788,0.00254,0.01299,0.00271,0.0273,0.05354,0.10392
Run 2,F,CAC,2,F-CAC-2,6.30516,0.12028,2.8007,2.25891,0.00016,0.00264,0.01044,0.00181,0.01121,0.00196,0.02913,0.05712,0.11907
Run 2,F,CAC,3,F-CAC-3,5.36753,0.11545,2.223,1.67348,0.00032,0.00262,0.00624,0.00593,0.01107,0.0009,0.0266,0.05736,0.11931
Run 2,F,IV,1,F-IV-1,8.5879,0.16686,4.65,4.30763,0.00918,157.64585,0.03893,0.04003,0.02293,0.03082,0.03401,0.05609,0.11583
Run 2,F,IV,2,F-IV-2,2.95927,0.09761,1.68017,3.03273,0.01182,106.91928,0.01806,0.01305,0.01172,0.02493,0.04296,0.06682,0.13726
Run 2,F,IV,3,F-IV-3,15.23119,0.68653,6.35349,4.30711,0.01727,4.46924,0.01761,0.00183,0.03604,0.00181,0.03375,0.06028,0.11899
Run 2,1011c,NI,1,1011c-NI-1,2.28486,0.1619,0.01037,0.5266,0.00844,0.00191,0.00012,0.00082,0.00803,0.00221,0.03687,0.06434,0.10628
Run 2,1011c,NI,2,1011c-NI-2,1.27477,0.13747,0.00508,0.23052,0.00106,0.00443,0.00028,0.00058,0.00578,0.00169,0.03784,0.06105,0.11954
Run 2,1011c,NI,3,1011c-NI-3,1.24769,0.11153,0.00476,0.26837,0.00048,0.0024,0.00152,0.0007,0.00488,0.0008,0.03946,0.05871,0.11046
Run 2,1011c,R,1,1011c-R-1,27.5896,1.76983,3.19633,2.0998,0.01278,0.0162,0.01378,0.0019,0.00461,0.00244,0.02053,0.04821,0.09923
Run 2,1011c,R,2,1011c-R-2,27.30028,1.63082,2.81507,2.33481,0.00802,0.00405,0.02067,0.00453,0.00792,0.0013,0.02284,0.03958,0.10118
Run 2,1011c,R,3,1011c-R-3,25.57856,1.57447,2.71137,2.33356,0.01732,0.00231,0.02055,0.00512,0.00855,0.00364,0.02707,0.04515,0.10483
Run 2,1011c,CAPE,1,1011c-CAPE-1,1.67985,0.10447,0.00886,0.40076,0.00585,0.00168,0.00115,0.00315,0.0065,0.0013,0.04452,0.06528,0.11327
Run 2,1011c,CAPE,2,1011c-CAPE-2,24.18842,2.72178,2.78081,7.11976,0.00403,0.00069,0.01389,0.00592,0.0256,0.00483,0.05992,0.06226,0.09358
Run 2,1011c,CAPE,3,1011c-CAPE-3,2.22178,0.11259,0.00838,0.65163,0.00467,0.00078,0.00104,0.00224,0.00728,0.00136,0.05213,0.07904,0.13407
Run 2,1011c,CAC,1,1011c-CAC-1,2.87745,0.21898,0.00362,0.50263,0.00191,0.00297,0.00047,0.00133,0.00893,0.00037,0.03651,0.0526,0.10193
Run 2,1011c,CAC,2,1011c-CAC-2,3.08329,0.21175,0.01245,0.44741,0.01871,0.00399,0.00171,0.00611,0.01372,0.0019,0.0394,0.0575,0.1016
Run 2,1011c,CAC,3,1011c-CAC-3,4.80626,0.2017,0.00981,0.94022,0.01085,0.00253,0.00145,0.00311,0.00724,0.00296,0.04319,0.05774,0.10291
Run 2,1011c,IV,1,1011c-IV-1,2.37725,0.1466,0.00849,0.71019,0.00318,0.01496,0.00146,0.00162,0.01053,0.00101,0.06649,0.0852,0.13761
Run 2,1011c,IV,2,1011c-IV-2,1.38933,0.12519,0.00885,0.26139,0.00272,0.0048,0.00092,0.00096,0.00679,0.00011,0.03966,0.0626,0.11242
Run 2,1011c,IV,3,1011c-IV-3,1.09032,0.09124,0.00478,0.259,0.00201,0.00346,0.00038,0.0002,0.00863,0.00021,0.09005,0.09877,0.15752
Run 2,T2,NI,1,T2-NI-1,0.02063,0.00839,0.00438,0.0078,0.00111,0.00472,0.00016,0.00035,0.00552,0.00038,0.01365,0.02631,0.09261
Run 2,T2,NI,2,T2-NI-2,0.01366,0.00298,0.00591,0.00348,0.00143,0.01406,0.00018,0.0008,0.0031,0.00281,0.00345,0.01135,0.03673
Run 2,T2,NI,3,T2-NI-3,0.02366,0.00136,0.00287,0.00647,0.00045,0.02497,0.00024,0.00044,0.00168,0,0.01431,0.02132,0.08585
Run 2,T2,R,1,T2-R-1,30.34136,2.52123,1.02443,2.45594,0.01347,0.0343,0.02788,0.00307,0.14673,0.00407,0.03667,0.0677,0.1189
Run 2,T2,R,2,T2-R-2,30.94417,1.63916,0.34561,1.95371,0.00577,0.02507,0.02692,0.00565,0.04845,0.00267,0.04004,0.05832,0.10829
Run 2,T2,R,3,T2-R-3,25.92388,2.26156,0.95626,2.27344,0.01266,0.02605,0.02481,0.00158,0.1472,0.0019,0.03916,0.06652,0.12241
Run 2,T2,CAPE,1,T2-CAPE-1,0.90036,0.00783,0.0186,0.01883,0.01739,0.00661,0.00407,0.01323,0.00565,0.00475,0.01945,0.03783,0.08944
Run 2,T2,CAPE,2,T2-CAPE-2,0.78736,0.00948,0.01114,0.02011,0.0103,0.00087,0.00016,0.00034,0.00498,0.00069,0.02168,0.04342,0.10479
Run 2,T2,CAPE,3,T2-CAPE-3,1.14987,0.00968,0.0268,0.02379,0.02602,0.0023,0.00248,0.00308,0.00283,0.00012,0.01696,0.03182,0.0909
Run 2,T2,CAC,1,T2-CAC-1,1.2197,0.08994,0.01227,0.03824,0.00793,0.00262,0.00138,0.00139,0.00638,0.00302,0.0188,0.0376,0.07913
Run 2,T2,CAC,2,T2-CAC-2,1.09639,0.06011,0.00964,0.03284,0.00182,0.00047,0.00062,0.00125,0.00344,0.00312,0.02086,0.04359,0.0978
Run 2,T2,CAC,3,T2-CAC-3,0.63931,0.01739,0.00827,0.01214,0.00144,0.00232,0.00015,0.00103,0.00482,0.00334,0.01988,0.05061,0.10907
Run 2,T2,IV,1,T2-IV-1,0.90764,0.04613,0.00474,0.01318,0.00211,0.03381,0.00036,0.00104,0.00451,0.0022,0.01612,0.03898,0.10369
Run 2,T2,IV,2,T2-IV-2,0.79045,0.0173,0.00822,0.02652,0.00265,0.00546,0.00037,0.00131,0.00428,0.00288,0.01704,0.04283,0.10262
Run 2,T2,IV,3,T2-IV-3,0.72322,0.01379,0.00655,0.0345,0.00286,0.01388,0.00026,0.00032,0.00327,0.00237,0.017,0.04435,0.10242
Run 2,A,V,1,A-V-1,0.02096,0.04844,0.00475,0.02045,0.00397,0.0055,0.0009,0.00276,0.46496,0.00398,0.01375,0.03665,0.08047
Run 2,A,V,2,A-V-2,0.00942,0.01635,0.00569,0.01977,0.00458,0.00862,0.00049,0.00404,0.58106,0.001,0.01233,0.03864,0.08103
Run 2,A,V,3,A-V-3,0.0239,0.01143,0.00214,0.05066,0.0058,0.00563,0.00022,0.00217,0.66491,0.00051,0.01122,0.03318,0.07852
Run 2,A,VII,1,A-VII-1,0.03247,0.02129,0.01169,0.03413,0.00757,0.01148,0.00149,0.0019,0.52632,0.00142,0.00982,0.02784,0.06414
Run 2,A,VII,2,A-VII-2,0.73109,0.09832,0.18462,0.03593,0.04141,0.007,0.02708,0.11673,0.38748,0.0101,0.01149,0.02784,0.06659
Run 2,A,VII,3,A-VII-3,0.0427,0.04637,0.00944,0.04954,0.00906,0.00905,0.0032,0.01728,0.53375,0.0059,0.011,0.02688,0.06207
Run 2,A,IX,1,A-IX-1,0.03795,0.0104,0.0061,0.02472,0.0075,0.01177,0.00307,0.06419,0.24956,0.00174,0.0066,0.03007,0.06068
Run 2,A,IX,2,A-IX-2,8.31531,0.67608,1.51374,0.18903,0.31073,0.0218,0.24137,1.30986,0.48988,0.28391,0.00923,0.02701,0.0567
Run 2,A,IX,3,A-IX-3,0.01647,0.01817,0.00148,0.01233,0.01556,0.00748,0.00192,0.00297,0.2197,0.00123,0.00623,0.02568,0.05901
Run 2,A,X,1,A-X-1,0.0368,0.02109,0.00262,0.01822,0.01182,0.00998,0.00056,0.00085,0.19474,0.0011,0.00723,0.02839,0.0582
Run 2,A,X,2,A-X-2,0.02651,0.02517,0.01531,0.03244,0.0055,0.01019,0.00051,0.00053,0.30643,0.00255,0.00781,0.02177,0.05396
Run 2,A,X,3,A-X-3,0.03656,0.00656,0.01205,0.03251,0.01289,0.01336,0.00105,0.00133,0.25271,0.0018,0.00408,0.02044,0.04767
Run 2,A,XV,1,A-XV-1,3.60778,0.28941,0.86126,0.11748,0.10669,0.03343,0.12953,0.77752,0.38224,0.08158,0.0113,0.03358,0.07455
Run 2,A,XV,2,A-XV-2,0.02895,0.02068,0.00986,0.04881,0.00317,0.00634,0.00414,0.00287,0.40996,0.00189,0.0107,0.02898,0.06734
Run 2,A,XV,3,A-XV-3,0.03317,0.00589,0.00809,0.04479,0.00369,0.00774,0.00356,0.00128,0.28745,0.0024,0.01081,0.03177,0.0732
Run 2,B,V,1,B-V-1,0.02123,0.00571,0.00235,0.06772,0.00074,0.10681,0.02689,3.08866,1.32817,0.00313,0.01188,0.03298,0.07514
Run 2,B,V,2,B-V-2,0.02153,0.01266,0.00931,0.02564,0.00473,0.03644,0.02678,2.28122,0.93253,0.00431,0.01062,0.03043,0.07183
Run 2,B,V,3,B-V-3,0.01149,0.0307,0.00442,0.0621,0.00116,0.04407,0.0074,2.01522,1.0953,0.002,0.01276,0.03871,0.08044
Run 2,B,VII,1,B-VII-1,0.03119,0.04913,0.01338,0.01705,0.0142,0.0177,0.01935,0.40913,0.82165,0.0027,0.00803,0.02627,0.0584
Run 2,B,VII,2,B-VII-2,0.49669,0.0398,0.13499,0.04136,0.00912,0.21843,0.06864,3.04846,0.81285,0.01262,0.00778,0.02835,0.07311
Run 2,B,VII,3,B-VII-3,0.04435,0.06164,0.13541,0.15617,0.00629,0.01715,0.0371,0.99626,0.78743,0.00237,0.00735,0.02512,0.05148
Run 2,B,IX,1,B-IX-1,0.95783,0.09031,0.165,0.01912,0.09181,0.016,0.05923,0.37467,0.43677,0.06085,0.00469,0.01836,0.04057
Run 2,B,IX,2,B-IX-2,0.03205,0.00411,0.01779,0.01613,0.00839,0.01002,0.03427,0.85813,0.49055,0.00785,0.00454,0.02602,0.04703
Run 2,B,IX,3,B-IX-3,0.05532,0.00707,0.05565,0.08643,0.00319,0.04005,0.16676,0.78596,0.55379,0.03306,0.00516,0.0201,0.04693
Run 2,B,X,1,B-X-1,0.10784,0.01207,0.05915,0.03829,0.03896,0.02811,0.04887,1.78021,1.11413,0.00142,0.00555,0.01601,0.03328
Run 2,B,X,2,B-X-2,0.02615,0.00527,0.00447,0.04345,0.02022,0.00835,0.03785,1.12424,0.32993,0.00015,0.00582,0.02902,0.06934
Run 2,B,X,3,B-X-3,0.02652,0.02193,0.01023,0.03987,0.01947,0.0157,0.05115,1.76949,0.52595,0.00546,0.00612,0.024,0.0595
Run 2,B,XV,1,B-XV-1,0.03378,0.00775,0.00239,0.0202,0.01086,0.00756,0.0113,0.61941,0.72422,0.00229,0.00711,0.0254,0.06177
Run 2,B,XV,2,B-XV-2,0.04925,0.05264,0.0069,0.00675,0.01335,0.01352,0.03812,2.59234,1.01196,0.00054,0.01261,0.02963,0.06775
Run 2,B,XV,3,B-XV-3,0.02835,0.01022,0.00766,0.021,0.00603,0.01267,0.02529,1.41885,0.78461,0.00078,0.0122,0.02626,0.0698
Run 2,F,V,1,F-V-1,6.07323,0.08488,1.4472,0.47668,0.00423,0.02381,0.00883,0.00501,0.00285,0.0038,0.00893,0.02852,0.06575
Run 2,F,V,2,F-V-2,3.29802,0.06547,0.85446,0.45376,0.00202,0.05107,0.00628,0.00762,0.01729,0.00425,0.01146,0.0293,0.07245
Run 2,F,V,3,F-V-3,3.70661,0.07948,1.02801,0.5491,0.00659,0.00688,0.00875,0.00407,0.00435,0.0064,0.00909,0.03079,0.07017
Run 2,F,VII,1,F-VII-1,15.19417,0.22231,3.10628,0.62069,0.01205,0.01694,0.02448,0.07126,0.02329,0.01199,0.01028,0.03134,0.06784
Run 2,F,VII,2,F-VII-2,28.07792,0.81666,5.82519,1.09951,0.00821,0.00899,0.01175,0.02217,0.04447,0.00292,0.00961,0.02996,0.07295
Run 2,F,VII,3,F-VII-3,18.10332,0.38527,3.78928,0.7128,0.01865,0.01209,0.01495,0.03618,0.02012,0.00551,0.00822,0.03197,0.07834
Run 2,F,IX,1,F-IX-1,6.33838,0.07555,1.17195,0.23067,0.00793,0.00809,0.00535,0.01404,0.00322,0.00905,0.00445,0.02272,0.05396
Run 2,F,IX,2,F-IX-2,6.15791,0.09965,1.21227,0.35486,0.00521,0.00712,0.00972,0.00556,0.00243,0.00513,0.0052,0.0243,0.05202
Run 2,F,IX,3,F-IX-3,7.44501,0.09653,1.26187,0.2852,0.01675,0.0135,0.00418,0.01571,0.00208,0.00494,0.00506,0.02642,0.05247
Run 2,F,X,1,F-X-1,3.38676,0.09042,0.65083,0.28892,0.01166,0.01217,0.0131,0.05024,0.00763,0.00217,0.00587,0.02899,0.06836
Run 2,F,X,2,F-X-2,4.82977,0.10094,0.7902,0.23514,0.01788,0.00703,0.00727,0.02195,0.00555,0.00941,0.00255,0.01665,0.03635
Run 2,F,X,3,F-X-3,5.6961,0.1536,1.09762,0.31252,0.01936,0.00783,0.01489,0.03545,0.01517,0.0105,0.00987,0.02518,0.07044
Run 2,F,XV,1,F-XV-1,3.87555,0.04571,0.94124,0.23168,0.02808,0.01244,0.008,0.0011,0.00397,0.00029,0.00389,0.01779,0.04071
Run 2,F,XV,2,F-XV-2,5.03694,0.083,1.16966,0.30154,0.01926,0.0057,0.00741,0.00104,0.00201,0.0013,0.00476,0.02478,0.0588
Run 2,F,XV,3,F-XV-3,4.68019,0.05453,1.33136,0.32391,0.02646,0.00837,0.00608,0.00045,0.00473,0.00027,0.00528,0.02868,0.0597
Run 2,1011c,V,1,1011c-V-1,3.54457,0.08792,0.01782,0.0954,0.00494,0.00877,0.00191,0.00163,0.00406,0.00061,0.00607,0.02844,0.0526
Run 2,1011c,V,2,1011c-V-2,1.87529,0.07506,0.00131,0.05612,0.00523,0.01115,0.00041,0.00367,0.00571,0.00021,0.00583,0.02788,0.05475
Run 2,1011c,V,3,1011c-V-3,2.05799,0.07624,0.02475,0.07687,0.01372,0.00528,0.00044,0.00084,0.01043,0.00024,0.00577,0.02326,0.05501
Run 2,1011c,VII,1,1011c-VII-1,2.92844,0.12585,0.00144,0.09054,0.00329,0.00485,0.00566,0.00229,0.00086,0.00482,0.01026,0.0253,0.06354
Run 2,1011c,VII,2,1011c-VII-2,1.61247,0.12007,0.10303,0.07349,0.03667,0.00638,0.01563,0.05448,0.01223,0.01102,0.0085,0.02513,0.06277
Run 2,1011c,VII,3,1011c-VII-3,3.39232,0.11968,0.00727,0.14885,0.00923,0.00172,0.00547,0.0014,0.00516,0.00324,0.01323,0.02951,0.08422
Run 2,1011c,IX,1,1011c-IX-1,5.71,0.4912,0.72669,0.14913,0.18442,0.04489,0.05024,0.17813,0.08264,0.01779,0.0105,0.02721,0.06084
Run 2,1011c,IX,2,1011c-IX-2,1.43507,0.15272,0.00724,0.04359,0.00541,0.00786,0.00046,0.00298,0.00143,0.0028,0.00723,0.02987,0.06439
Run 2,1011c,IX,3,1011c-IX-3,1.17628,0.10559,0.01698,0.02527,0.02901,0.0137,0.00359,0.01045,0.00456,0.00177,0.00645,0.01951,0.05461
Run 2,1011c,X,1,1011c-X-1,0.91073,0.0987,0.00162,0.01222,0.01747,0.00535,0.00026,0.00194,0.00423,0.00065,0.00667,0.03009,0.06077
Run 2,1011c,X,2,1011c-X-2,1.04582,0.08529,0.00183,0.01419,0.01645,0.0078,0.00053,0.0056,0.00172,0.00018,0.00705,0.02293,0.05935
Run 2,1011c,X,3,1011c-X-3,1.19834,0.08889,0.0088,0.02186,0.0222,0.00583,0.00054,0.00193,0.00128,0.00133,0.00415,0.03066,0.0595
Run 2,1011c,XV,1,1011c-XV-1,0.903,0.06799,0.01107,0.03397,0.00194,0.00888,0.00112,0.01122,0.00424,0.00041,0.00703,0.02274,0.06828
Run 2,1011c,XV,2,1011c-XV-2,0.74922,0.08512,0.00233,0.01688,0.00135,0.00766,0.00045,0.00319,0.002,0.00059,0.00828,0.02295,0.06463
Run 2,1011c,XV,3,1011c-XV-3,0.93392,0.03695,0.0063,0.03053,0.00089,0.0137,0.00334,0.00539,0.00212,0.0002,0.00654,0.02736,0.06299
Run 2,T2,V,1,T2-V-1,0.85043,0.00417,0.01853,0.02395,0.00972,0.00622,0.00055,0.00095,0.00055,0.00023,0.00702,0.02804,0.04768
Run 2,T2,V,2,T2-V-2,0.59567,0.08459,0.01291,0.02665,0.01127,0.00582,0.00317,0.00086,0.00165,0.00086,0.00445,0.02543,0.04874
Run 2,T2,V,3,T2-V-3,0.36886,0.11283,0.02864,0.06947,0.03958,0.01381,0.00898,0.00118,0.0406,0.0089,0.00056,0.00265,0.0043
Run 2,T2,VII,1,T2-VII-1,1.01269,0.06614,0.00146,0.01299,0.00417,0.00528,0.00048,0.00204,0.0011,0.00288,0.01099,0.03099,0.08159
Run 2,T2,VII,2,T2-VII-2,1.70123,0.09937,0.00441,0.02531,0.0044,0.00594,0.00081,0.00286,0.00123,0.00096,0.00906,0.02831,0.05987
Run 2,T2,VII,3,T2-VII-3,5.40141,0.52381,0.88458,0.15408,0.21571,0.02035,0.13666,0.6812,0.14806,0.08432,0.01158,0.02815,0.07558
Run 2,T2,IX,1,T2-IX-1,0.16528,0.00888,0.0027,0.01027,0.00741,0.00416,0.00056,0.00089,0.0031,0.00681,0.00925,0.02278,0.05787
Run 2,T2,IX,2,T2-IX-2,0.79679,0.02524,0.00811,0.01125,0.01081,0.00495,0.00047,0.00044,0.00384,0.00137,0.00781,0.02916,0.0652
Run 2,T2,IX,3,T2-IX-3,0.93995,0.04667,0.0092,0.01525,0.00091,0.00656,0.00069,0.00049,0.00133,0.0019,0.01037,0.03002,0.06504
Run 2,T2,X,1,T2-X-1,8.26698,0.54946,1.05459,0.08826,0.51448,0.0306,0.15913,0.78678,0.0728,0.21627,0.00622,0.02618,0.06006
Run 2,T2,X,2,T2-X-2,5.35484,0.3631,0.58454,0.06261,0.26194,0.01491,0.07534,0.2502,0.04446,0.04575,0.00318,0.01793,0.04108
Run 2,T2,X,3,T2-X-3,2.80835,0.19555,0.32524,0.04176,0.16402,0.01266,0.0607,0.24337,0.02909,0.09184,0.0052,0.02224,0.05642
Run 2,T2,XV,1,T2-XV-1,0.56129,0.00215,0.01652,0.04074,0.01661,0.01219,0.00186,0.00434,0.00327,0.00628,0,0.01908,0.03445
Run 2,T2,XV,2,T2-XV-2,0.6167,0.03973,0.01652,0.02241,0.01081,0.00644,0.00035,0.00972,0.00186,0.00192,0,0.02151,0.04235
Run 2,T2,XV,3,T2-XV-3,0.61407,0.00554,0.00262,0.02206,0.01415,0.00765,0.00061,0.00842,0.0025,0.0023,0.00432,0.02447,0.04076
Run 3,Ct,NI,1,Ct-NI-1,64.193614,33.855738,24.602786,22.267974,6.524404,27.047173,23.146706,18.08408,15.940284,2.43727,0.036873,0.030671,0.035797
Run 3,Ct,NI,2,Ct-NI-2,50.993158,26.619275,19.734604,17.268426,4.616941,27.585606,17.521597,14.225474,12.746982,1.81345,0.042033,0.032904,0.038139
Run 3,Ct,NI,3,Ct-NI-3,65.473866,33.400713,23.809971,21.075159,6.154879,4.85438,23.219108,17.876753,15.680033,2.632549,0.044645,0.036005,0.040226
Run 3,A,NI,1,A-NI-1,0.013178,0.008528,0.025754,0.007935,0.001056,0.377206,0.009744,0.010175,2.746139,0.001399,0.053382,0.057268,0.059392
Run 3,A,NI,2,A-NI-2,0.00979,0.004508,0.004308,0.007166,0.001515,0.131567,0.00501,0.003115,2.80534,0.001236,0.048181,0.046934,0.054267
Run 3,A,NI,3,A-NI-3,0.006522,0.006438,0.006515,0.009018,0.000691,4.355942,0.008719,0.00699,3.155171,0.000334,0.044084,0.047983,0.049245
Run 3,A,I,1,A-I-1,0.007236,0.00437,0.003548,0.004702,0.000831,0.023854,0.00329,0.004829,0.8437,0.000983,0.055231,0.061728,0.06987
Run 3,A,I,2,A-I-2,0.002923,0.006491,0.009816,0.015434,0.001174,0.077785,0.006653,0.005801,1.96869,0.000793,0.046964,0.03794,0.048067
Run 3,A,I,3,A-I-3,0.00686,0.004202,0.004081,0.004666,0.000691,0.091948,0.005361,0.004147,1.877934,0.001594,0.044143,0.041657,0.049337
Run 3,A,II,1,A-II-1,0.010246,0.00706,0.013604,0.005176,0.002201,0.063078,0.0119,0.006106,2.730176,0.001695,0.036152,0.022691,0.028083
Run 3,A,II,2,A-II-2,0.008219,0.008861,0.008695,0.00845,0.001357,0.049123,0.015872,0.002501,4.086869,0.001506,0.032946,0.022281,0.028137
Run 3,A,II,3,A-II-3,0.016686,0.012377,0.011042,0.009081,0.002197,0.115669,0.00773,0.004864,5.10488,0.000045,0.033636,0.020202,0.026637
Run 3,A,III,1,A-III-1,0.010853,0.004181,0.003691,0.002884,0.000924,0.053098,0.003969,0.007856,1.533668,0.000172,0.048829,0.048867,0.054996
Run 3,A,III,2,A-III-2,0.009927,0.00351,0.005294,0.005632,0.000768,0.24309,0.006824,0.006932,2.052097,0.000633,0.043062,0.04306,0.048784
Run 3,A,III,3,A-III-3,0.005089,0.005642,0.00591,0.007113,0.001532,0.10735,0.003994,0.004548,1.917017,0.000314,0.038388,0.039167,0.04419
Run 3,A,VIII,1,A-VIII-1,0.008681,0.004848,0.007667,0.006458,0.0014,0.126943,0.008001,0.003904,1.254811,0.000302,0.036077,0.026067,0.032195
Run 3,A,VIII,2,A-VIII-2,0.009986,0.00335,0.005909,0.007356,0.000791,0.232288,0.006573,0.005161,2.09716,0.000606,0.032148,0.023303,0.029032
Run 3,A,VIII,3,A-VIII-3,0.007754,0.006307,0.007706,0.008346,0.00131,0.220291,0.009144,0.00354,2.693186,0.000332,0.028058,0.021102,0.028489
Run 3,B,NI,1,B-NI-1,0.008184,0.006355,0.006665,0.024768,0.001712,0.637005,0.009119,1.630838,18.382666,0.00076,0.031676,0.024514,0.027924
Run 3,B,NI,2,B-NI-2,0.005958,0.005966,0.016055,0.021306,0.001637,11.805439,0.010339,0.810364,18.456025,0.000854,0.030973,0.020689,0.025007
Run 3,B,NI,3,B-NI-3,0.01077,0.015027,0.005718,0.013039,0.00312,0.095582,0.005643,1.357208,18.943247,0.001161,0.03489,0.021863,0.026414
Run 3,B,I,1,B-I-1,0.012266,0.004369,0.005605,0.0105,0.000871,0.084009,0.007279,0.088942,7.285738,0.000438,0.046429,0.037376,0.045647
Run 3,B,I,2,B-I-2,0.00743,0.005359,0.005471,0.007118,0.000796,0.061438,0.00704,0.067741,6.571202,0.000877,0.047626,0.037968,0.046295
Run 3,B,I,3,B-I-3,0.008503,0.005133,0.008444,0.013535,0.00163,0.032516,0.008479,0.237933,10.361366,0.00124,0.044394,0.03325,0.042271
Run 3,B,II,1,B-II-1,0.005536,0.006459,0.00833,0.00986,0.000739,0.97647,0.008098,0.505827,7.459645,0.000351,0.05082,0.051947,0.05392
Run 3,B,II,2,B-II-2,0.006896,0.003517,0.002614,0.013443,0.001151,5.84171,0.008122,0.390953,7.098192,0.00157,0.047826,0.049151,0.055362
Run 3,B,II,3,B-II-3,0.003819,0.00436,0.005322,0.009277,0.000708,0.122271,0.010108,0.325211,7.555688,0.000584,0.047479,0.045708,0.052359
Run 3,B,III,1,B-III-1,0.005485,0.003055,0.002506,0.008302,0.001032,0.056862,0.006386,0.180475,4.598868,0.000109,0.068382,0.081033,0.08551
Run 3,B,III,2,B-III-2,0.002734,0.00166,0.003283,0.003333,0.000954,0.071413,0.008008,0.133442,3.874007,0.000116,0.066752,0.079772,0.089996
Run 3,B,III,3,B-III-3,0.003836,0.004682,0.004493,0.007352,0.000566,0.053356,0.007224,0.1192,5.148646,0.000078,0.063817,0.067317,0.073148
Run 3,B,VIII,1,B-VIII-1,0.01202,0.007906,0.005893,0.004294,0.000866,0.066972,0.009184,0.007995,0.122837,0.000544,0.033694,0.023728,0.028693
Run 3,B,VIII,2,B-VIII-2,0.009141,0.007855,0.005922,0.01407,0.0012,2.674152,0.014682,0.032918,8.904508,0.000831,0.03241,0.021773,0.028453
Run 3,B,VIII,3,B-VIII-3,0.009748,0.002043,0.008677,0.004829,0.000934,3.039118,0.01026,0.022376,8.455862,0.001479,0.032831,0.02472,0.030007
Run 3,F,NI,1,F-NI-1,0.008238,0.005731,0.006065,0.007914,0.00063,0.064953,0.004832,0.016396,0.004979,0.000637,0.040347,0.033671,0.041891
Run 3,F,NI,2,F-NI-2,0.019584,0.005823,0.006333,0.00735,0.001118,0.084369,0.009468,0.007024,0.003663,0.00025,0.042375,0.036517,0.04184
Run 3,F,NI,3,F-NI-3,0.018265,0.005816,0.010531,0.012449,0.00062,0.296448,0.006396,0.005731,0.005194,0.001731,0.05332,0.045613,0.052939
Run 3,F,I,1,F-I-1,0.02048,0.007058,0.007093,0.011028,0.000626,0.07387,0.01502,0.006649,0.003811,0.001269,0.041134,0.029914,0.034164
Run 3,F,I,2,F-I-2,0.021765,0.008332,0.008813,0.01366,0.002233,0.069478,0.006733,0.007566,0.007933,0.002999,0.029784,0.020691,0.025262
Run 3,F,I,3,F-I-3,0.024035,0.007394,0.005914,0.012718,0.002261,0.098649,0.006988,0.009423,0.004361,0.001205,0.030745,0.022555,0.027537
Run 3,F,II,1,F-II-1,0.016901,0.008391,0.023,0.007303,0.000692,0.271112,0.001051,0.007282,0.008214,0.001574,0.035849,0.02355,0.03085
Run 3,F,II,2,F-II-2,0.015868,0.006339,0.007002,0.00917,0.000317,0.391869,0.003154,0.004277,0.007456,0.002149,0.033167,0.024218,0.031063
Run 3,F,II,3,F-II-3,0.026938,0.004975,0.00822,0.017115,0.001973,1.446583,0.005109,0.008427,0.00779,0.000958,0.035552,0.025159,0.030709
Run 3,F,III,1,F-III-1,0.01481,0.005532,0.005954,0.008407,0.000512,0.485642,0.00475,0.010066,0.003103,0.000406,0.047029,0.042037,0.046637
Run 3,F,III,2,F-III-2,0.015866,0.00576,0.006228,0.013824,0.000799,0.136753,0.008814,0.009906,0.003472,0.000177,0.045726,0.046175,0.048369
Run 3,F,III,3,F-III-3,0.010953,0.004604,0.004845,0.006279,0.001556,2.704034,0.002938,0.010727,0.003506,0.000405,0.047983,0.042918,0.045518
Run 3,F,VIII,1,F-VIII-1,0.005393,0.003827,0.004009,0.006375,0.000356,0.457963,0.006809,0.008529,0.00268,0.000564,0.059849,0.074033,0.075633
Run 3,F,VIII,2,F-VIII-2,0.007545,0.003931,0.002247,0.004208,0.000201,0.037089,0.002889,0.003344,0.003969,0.000949,0.052526,0.066911,0.065176
Run 3,F,VIII,3,F-VIII-3,0.014722,0.006129,0.004884,0.005087,0.001129,0.070042,0.00869,0.002,0.0023,0.000865,0.047905,0.050673,0.051182
Run 3,1011c,NI,1,1011c-NI-1,0.007473,0.002227,0.004839,0.00497,0.000524,0.158368,0.001633,0.005693,0.002521,0.00073,0.059765,0.06258,0.066192
Run 3,1011c,NI,2,1011c-NI-2,0.015028,0.006478,0.005846,0.005592,0.00116,0.278242,0.004125,0.007098,0.002997,0.000581,0.052578,0.056503,0.057019
Run 3,1011c,NI,3,1011c-NI-3,0.006068,0.005177,0.004061,0.005087,0.001095,0.097087,0.004922,0.003898,0.001577,0.000559,0.05066,0.047942,0.053197
Run 3,1011c,I,1,1011c-I-1,0.009004,0.007162,0.005749,0.0053,0.000773,0.28312,0.001565,0.008715,0.001445,0.000788,0.04484,0.038792,0.047869
Run 3,1011c,I,2,1011c-I-2,0.005749,0.00506,0.007703,0.005186,0.001435,0.109594,0.00611,0.006776,0.002091,0.000734,0.04385,0.039083,0.045195
Run 3,1011c,I,3,1011c-I-3,0.015646,0.005994,0.007317,0.007827,0.001328,0.109055,0.002976,0.006089,0.001511,0.001003,0.046113,0.040883,0.044378
Run 3,1011c,II,1,1011c-II-1,0.009285,0.008717,0.009764,0.014737,0.001751,0.20935,0.003272,0.015569,0.00212,0.001459,0.044462,0.041699,0.043723
Run 3,1011c,II,2,1011c-II-2,0.012456,0.008456,0.007562,0.007309,0.00103,0.377972,0.002387,0.014077,0.005394,0.001759,0.047586,0.042798,0.045274
Run 3,1011c,II,3,1011c-II-3,0.01308,0.063943,0.010047,0.005558,0.001085,0.330282,0.005246,0.012545,0.002584,0.001363,0.045615,0.04079,0.04366
Run 3,1011c,III,1,1011c-III-1,0.003541,0.00323,0.002017,0.002296,0.0003,0.054855,0.004128,0.002862,0.000708,0.00035,0.087594,0.115549,0.122206
Run 3,1011c,III,2,1011c-III-2,0.005493,0.001724,0.001754,0.002748,0.000497,0.03529,0.004926,0.002819,0.000975,0.000221,0.082858,0.105622,0.105498
Run 3,1011c,III,3,1011c-III-3,0.004841,0.004073,0.00266,0.00279,0.001007,0.031941,0.001963,0.002501,0.000973,0.000158,0.076612,0.090046,0.098643
Run 3,1011c,VIII,1,1011c-VIII-1,0.004063,0.001933,0.002349,0.004351,0.000773,0.485899,0.005725,0.00635,0.001262,0.000594,0.055245,0.061108,0.070844
Run 3,1011c,VIII,2,1011c-VIII-2,0.006772,0.003038,0.015588,0.004745,0.000393,7.779659,0.004825,0.006466,0.002018,0.002281,0.054018,0.057669,0.064258
Run 3,1011c,VIII,3,1011c-VIII-3,0.006597,0.002895,0.005037,0.00623,0.000522,0.019185,0.003659,0.003419,0.00211,0.000135,0.05386,0.059594,0.060228
Run 3,T2,NI,1,T2-NI-1,0.046271,0.007562,0.007507,0.01244,0.000649,0.12698,0.006887,0.008979,0.002522,0.001783,0.034257,0.024642,0.029039
Run 3,T2,NI,2,T2-NI-2,0.053149,0.017153,0.008781,0.009652,0.001986,0.606477,0.047684,0.023253,0.020422,0.027852,0.03808,0.028046,0.031464
Run 3,T2,NI,3,T2-NI-3,0.05625,0.007881,0.010132,0.01057,0.000829,0.079925,0.0055,0.006005,0.005627,0.000859,0.039099,0.024874,0.032135
Run 3,T2,I,1,T2-I-1,0.030809,0.007667,0.009016,0.014318,0.002127,0.119594,0.01063,0.009957,0.004212,0.000308,0.031725,0.021472,0.027831
Run 3,T2,I,2,T2-I-2,0.057326,0.011839,0.013996,0.011678,0.002497,0.168821,0.0056,0.005355,0.005743,0.002443,0.031494,0.022914,0.028244
Run 3,T2,I,3,T2-I-3,0.02738,0.006431,0.005302,0.010359,0.002772,6.575926,0.011854,0.007382,0.003935,0.003826,0.031899,0.020595,0.024842
Run 3,T2,II,1,T2-II-1,0.040345,0.006904,0.010203,0.008093,0.001132,0.088238,0.012841,0.025852,0.001231,0.000256,0.042556,0.031244,0.03715
Run 3,T2,II,2,T2-II-2,0.072473,0.008699,0.007858,0.009904,0.000927,0.142788,0.026688,0.007111,0.003113,0.000278,0.038172,0.029775,0.035827
Run 3,T2,II,3,T2-II-3,0.064137,0.007803,0.00458,0.004842,0.001466,0.284756,0.011026,0.006755,0.002906,0.000866,0.04181,0.029354,0.036559
Run 3,T2,III,1,T2-III-1,0.036797,0.004929,0.00553,0.005267,0.00118,0.12594,0.010212,0.007809,0.004824,0.000817,0.042335,0.034248,0.041543
Run 3,T2,III,2,T2-III-2,0.029737,0.006705,0.479933,0.009934,0.000998,0.045923,0.006501,0.005709,0.004208,0.000911,0.039647,0.033434,0.039256
Run 3,T2,III,3,T2-III-3,0.030318,0.004493,0.005239,0.006389,0.00078,0.10619,0.006638,0.003744,0.004602,0.001072,0.039424,0.029693,0.036699
Run 3,T2,VIII,1,T2-VIII-1,0.007608,0.001999,0.002112,0.001306,0.00041,0.062091,0.003904,0.000801,0.000758,0.000582,0.126508,0.159223,0.158485
Run 3,T2,VIII,2,T2-VIII-2,0.006039,0.002551,0.001853,0.001574,0.000519,0.078366,0.002698,0.00163,0.001025,0.000035,0.105908,0.132417,0.143309
Run 3,T2,VIII,3,T2-VIII-3,0.006658,0.002132,0.002772,0.001775,0.000438,0.432492,0.001886,0.00259,0.001482,0.000381,0.098494,0.128948,0.130155
Run 4,Ct,NI,1,Ct-NI-1,51.030877,21.313567,15.806818,12.111547,3.725227,44.49098,12.77426,10.681659,7.904667,1.229743,0.027268,0.032514,0.041186
Run 4,Ct,NI,2,Ct-NI-2,51.957187,22.597721,16.588009,13.193141,3.138812,43.833495,12.405612,10.199954,8.462724,0.659144,0.0327,0.034852,0.040568
Run 4,Ct,NI,3,Ct-NI-3,54.221727,22.477527,16.888118,13.049927,4.180109,53.211979,13.862033,11.416397,8.290092,1.439407,0.029402,0.032121,0.042657
Run 4,A,NI,1,A-NI-1,0.073019,0.048143,0.123489,0.039034,0.013304,5.599181,0.049733,0.072327,3.129724,0.009224,0.021043,0.021576,0.032212
Run 4,A,NI,2,A-NI-2,0.064791,0.023721,0.124103,0.043233,0.013676,3.219745,0.049661,0.078608,2.613141,0.009968,0.024371,0.021409,0.030461
Run 4,A,NI,3,A-NI-3,0.048835,0.02369,0.121471,0.038875,0.01269,0.227559,0.04985,0.069331,2.468079,0.010112,0.020976,0.027493,0.034663
Run 4,A,XI,1,A-XI-1,0.054639,0.041178,0.157182,0.051521,0.015385,0.018376,0.037864,0.073552,2.549348,0.010816,0.019695,0.020019,0.027063
Run 4,A,XI,2,A-XI-2,0.065846,0.047279,0.170698,0.052754,0.01146,0.175972,0.049102,0.06202,3.035313,0.005806,0.019901,0.020441,0.028888
Run 4,A,XI,3,A-XI-3,0.170389,0.062153,0.190531,0.100562,0.011368,0.008478,0.045914,0.055791,2.951718,0.006889,0.023474,0.020972,0.028222
Run 4,A,XII,1,A-XII-1,0.084419,0.045374,0.166285,0.040844,0.00899,0.127138,0.063104,0.075654,2.895857,0.006258,0.026033,0.025076,0.034618
Run 4,A,XII,2,A-XII-2,0.064302,0.047959,0.155951,0.047438,0.018338,0.019744,0.041999,0.077566,2.959062,0.005688,0.023725,0.027119,0.033468
Run 4,A,XII,3,A-XII-3,0.056599,0.043527,0.158213,0.038856,0.01476,0.010224,0.035185,0.068296,2.729705,0.011769,0.026137,0.025992,0.03247
Run 4,A,XIII,1,A-XIII-1,0.073499,0.054608,0.170661,0.040059,0.015418,0.266914,0.050931,0.061978,3.61507,0.007541,0.02367,0.020556,0.027992
Run 4,A,XIII,2,A-XIII-2,0.123282,0.155666,0.188799,0.044208,0.03865,0.065792,0.057101,0.073803,4.045195,0.015298,0.019782,0.021654,0.030521
Run 4,A,XIII,3,A-XIII-3,0.096893,0.054259,0.169706,0.039409,0.025261,0.044129,0.053202,0.070601,3.257933,0.013682,0.020818,0.022561,0.031455
Run 4,B,NI,1,B-NI-1,0.022433,0.012565,0.024237,0.052028,0.010566,0.885523,0.084572,0.591003,8.877751,0.009983,0.023504,0.021951,0.029952
Run 4,B,NI,2,B-NI-2,0.0229,0.013987,0.033061,0.03454,0.011049,0.770927,0.087751,0.581339,8.545962,0.011785,0.023962,0.019381,0.029925
Run 4,B,NI,3,B-NI-3,0.037626,0.021272,0.038648,0.042523,0.010146,5.371125,0.091122,0.759565,9.408986,0.017093,0.022993,0.021154,0.02991
Run 4,B,XI,1,B-XI-1,0.031066,0.022557,0.073612,0.041444,0.009718,4.804458,0.052607,0.563762,8.571433,0.011391,0.026688,0.025203,0.032656
Run 4,B,XI,2,B-XI-2,0.026831,0.016517,0.0252,0.049071,0.009225,3.40003,0.040493,0.408619,7.446857,0.007593,0.024721,0.020985,0.034474
Run 4,B,XI,3,B-XI-3,0.116646,0.048665,0.075528,0.070878,0.012388,1.327333,0.050005,0.493309,8.186477,0.007737,0.026049,0.023032,0.034446
Run 4,B,XII,1,B-XII-1,0.019232,0.024544,0.039723,0.031674,0.010835,0.008047,0.057755,0.407465,7.863832,0.011465,0.023227,0.022825,0.033224
Run 4,B,XII,2,B-XII-2,0.030221,0.020772,0.052149,0.060898,0.008993,0.047302,0.054501,0.534693,7.888255,0.006966,0.026006,0.025345,0.035135
Run 4,B,XII,3,B-XII-3,0.172209,0.066098,0.101214,0.081413,0.014866,0.036373,0.078562,0.510974,7.377664,0.012502,0.023768,0.025381,0.031922
Run 4,B,XIII,1,B-XIII-1,0.045162,0.034835,0.071435,0.039907,0.014212,0.018919,0.059136,0.478324,8.714036,0.011379,0.022211,0.022065,0.032355
Run 4,B,XIII,2,B-XIII-2,0.020763,0.014354,0.054718,0.029102,0.010355,0.082932,0.058014,0.385507,8.946835,0.007895,0.022817,0.021145,0.030228
Run 4,B,XIII,3,B-XIII-3,0.022545,0.016587,0.067317,0.027699,0.012349,0.220353,0.055217,0.556937,9.177222,0.008467,0.02272,0.018094,0.027564
Run 4,F,NI,1,F-NI-1,0.082397,0.02375,0.06339,0.028828,0.007655,0.926876,0.012608,0.003892,0.004669,0.005461,0.025324,0.028317,0.039434
Run 4,F,NI,2,F-NI-2,0.124214,0.029751,0.091227,0.031947,0.01042,0.231016,0.009165,0.011326,0.005538,0.005732,0.023448,0.027114,0.035438
Run 4,F,NI,3,F-NI-3,0.143251,0.041473,0.109805,0.037322,0.00851,1.834025,0.008471,0.013367,0.008117,0.009954,0.028765,0.027811,0.037448
Run 4,F,XI,1,F-XI-1,0.312786,0.141556,0.212678,0.105145,0.011109,0.669296,0.022242,0.023617,0.036581,0.007316,0.02271,0.022448,0.029834
Run 4,F,XI,2,F-XI-2,0.601172,0.21505,0.288176,0.1841,0.01551,1.315497,0.029354,0.034333,0.078855,0.009136,0.02153,0.021786,0.027439
Run 4,F,XI,3,F-XI-3,0.276364,0.115345,0.156462,0.093726,0.009216,0.898441,0.021789,0.015233,0.025222,0.008755,0.02297,0.025953,0.033519
Run 4,F,XII,1,F-XII-1,0.067649,0.032295,0.053158,0.014499,0.005903,0.165086,0.004735,0.005139,0.004528,0.00364,0.042143,0.068974,0.088193
Run 4,F,XII,2,F-XII-2,0.077679,0.042289,0.058982,0.017991,0.008725,0.006245,0.006179,0.008807,0.005221,0.006056,0.04063,0.058492,0.080274
Run 4,F,XII,3,F-XII-3,0.079663,0.050663,0.08337,0.017874,0.006739,0.127964,0.008187,0.009881,0.005444,0.005296,0.034709,0.048067,0.065076
Run 4,F,XIII,1,F-XIII-1,0.108923,0.048689,0.087672,0.017978,0.01109,0.068297,0.00953,0.009598,0.008304,0.005306,0.027395,0.033373,0.042126
Run 4,F,XIII,2,F-XIII-2,0.103463,0.039676,0.094516,0.023166,0.010922,0.022082,0.007703,0.007661,0.008254,0.005495,0.027196,0.033591,0.039788
Run 4,F,XIII,3,F-XIII-3,0.131871,0.065132,0.102208,0.021588,0.015013,0.125661,0.012387,0.008529,0.011359,0.005269,0.027416,0.032093,0.037986
Run 4,1011c,NI,1,1011c-NI-1,0.215933,0.129649,0.136721,0.053902,0.017148,0.178885,0.013812,0.024198,0.010801,0.00685,0.023392,0.020276,0.030425
Run 4,1011c,NI,2,1011c-NI-2,0.221209,0.171794,0.132821,0.06228,0.014285,0.020706,0.027022,0.019132,0.01677,0.00675,0.0226,0.022803,0.030074
Run 4,1011c,NI,3,1011c-NI-3,0.21551,0.147098,0.134265,0.080939,0.015134,0.015749,0.019376,0.017263,0.021465,0.007161,0.021103,0.021105,0.028383
Run 4,1011c,XI,1,1011c-XI-1,0.392441,0.17512,0.175619,0.0901,0.02582,0.288802,0.043115,0.046409,0.045537,0.00982,0.031291,0.036872,0.049679
Run 4,1011c,XI,2,1011c-XI-2,0.107952,0.094063,0.10995,0.029293,0.012114,0.727658,0.012001,0.008187,0.005578,0.005443,0.030842,0.036337,0.049074
Run 4,1011c,XI,3,1011c-XI-3,0.176981,0.135667,0.135888,0.049427,0.013384,0.495371,0.016396,0.018941,0.017659,0.006623,0.033012,0.033269,0.045257
Run 4,1011c,XII,1,1011c-XII-1,0.144531,0.131606,0.129575,0.045672,0.009346,0.011753,0.01196,0.010755,0.008353,0.005674,0.022991,0.022607,0.032411
Run 4,1011c,XII,2,1011c-XII-2,0.145672,0.128343,0.115062,0.030489,0.014825,0.011287,0.011871,0.015604,0.008672,0.007547,0.023931,0.022363,0.029379
Run 4,1011c,XII,3,1011c-XII-3,0.125605,0.121716,0.14207,0.040373,0.013601,0.013632,0.014033,0.009755,0.009016,0.008977,0.022678,0.022441,0.032018
Run 4,1011c,XIII,1,1011c-XIII-1,0.119722,0.089423,0.123161,0.043101,0.013739,0.993587,0.019006,0.013533,0.006468,0.010234,0.024871,0.024178,0.03167
Run 4,1011c,XIII,2,1011c-XIII-2,0.121459,0.1127,0.134123,0.022742,0.015378,3.531544,0.01341,0.014322,0.005728,0.002652,0.024611,0.024416,0.032191
Run 4,1011c,XIII,3,1011c-XIII-3,0.16382,0.123331,0.127833,0.033315,0.015252,0.686298,0.010202,0.011734,0.006659,0.005532,0.021379,0.024903,0.031479
Run 4,T2,NI,1,T2-NI-1,0.272374,0.02797,0.018227,0.019777,0.010231,0.536321,0.015649,0.012965,0.01005,0.005993,0.024179,0.022267,0.027143
Run 4,T2,NI,2,T2-NI-2,0.300016,0.06479,0.037865,0.036274,0.01373,0.017766,0.027231,0.016518,0.021483,0.003655,0.0238,0.020276,0.029645
Run 4,T2,NI,3,T2-NI-3,0.322852,0.036931,0.032498,0.029114,0.008237,0.015285,0.017916,0.017014,0.012814,0.010794,0.024898,0.019808,0.026417
Run 4,T2,XI,1,T2-XI-1,0.288909,0.050933,0.025669,0.020334,0.010736,0.239449,0.015155,0.010785,0.008561,0.006028,0.026224,0.0276,0.034008
Run 4,T2,XI,2,T2-XI-2,0.271473,0.048753,0.028249,0.016396,0.010858,0.054783,0.01367,0.010894,0.006137,0.004222,0.024238,0.02347,0.030946
Run 4,T2,XI,3,T2-XI-3,0.237369,0.028126,0.018462,0.017993,0.008586,0.338682,0.011606,0.012326,0.008313,0.005017,0.023202,0.023795,0.030295
Run 4,T2,XII,1,T2-XII-1,0.258018,0.048269,0.030195,0.019768,0.012065,0.06077,0.011798,0.015126,0.005938,0.00957,0.022739,0.021828,0.028952
Run 4,T2,XII,2,T2-XII-2,0.179246,0.067052,0.039279,0.015967,0.01027,0.01126,0.017094,0.012572,0.009878,0.005641,0.02501,0.019922,0.031871
Run 4,T2,XII,3,T2-XII-3,0.183491,0.066143,0.059587,0.019867,0.017157,0.037987,0.019735,0.014844,0.007893,0.006884,0.024043,0.023835,0.033078
Run 4,T2,XIII,1,T2-XIII-1,0.093837,0.024003,0.015175,0.006548,0.006896,0.97779,0.007836,0.006334,0.003689,0.005373,0.046856,0.075426,0.098037
Run 4,T2,XIII,2,T2-XIII-2,0.141476,0.027025,0.021406,0.01385,0.0108,13.253224,0.010307,0.009393,0.005379,0.009229,0.034242,0.045574,0.051652
Run 4,T2,XIII,3,T2-XIII-3,0.219247,0.059722,0.03887,0.025833,0.013195,0.707648,0.021583,0.020913,0.015053,0.005307,0.031017,0.042081,0.051261
Run 5,Ct,NI,1,Ct-NI-1,78.34124,15.221774,10.92147,9.365182,3.398993,8.034387,9.70893,7.353854,3.980777,1.694132,0.059408,0.09158,0.091967
Run 5,Ct,NI,2,Ct-NI-2,89.208581,16.198885,11.695714,9.549783,3.996572,2.643859,11.272855,7.929027,4.233425,2.127982,0.057341,0.08669,0.08949
Run 5,Ct,NI,3,Ct-NI-3,88.981748,16.284099,11.543283,9.306921,4.007192,5.27295,10.992299,7.834663,4.115566,1.969665,0.057317,0.093142,0.09132
Run 5,A,NI,1,A-NI-1,0.719068,0.247817,0.240561,0.19688,0.051993,0.032224,0.134318,0.128757,0.787103,0.025402,0.059761,0.054774,0.05245
Run 5,A,NI,2,A-NI-2,0.932182,0.423864,0.302223,0.225738,0.04886,0.574756,0.166866,0.159732,1.231209,0.045815,0.064439,0.040845,0.045084
Run 5,A,NI,3,A-NI-3,0.61635,0.308744,0.272317,0.130871,0.045315,0.023044,0.108434,0.133701,1.469405,0.022528,0.062108,0.026974,0.037305
Run 5,A,XIV,1,A-XIV-1,0.471416,0.268253,0.312696,0.121726,0.081094,2.58504,0.136775,0.168375,1.621678,0.013092,0.053195,0.032083,0.035052
Run 5,A,XIV,2,A-XIV-2,0.676284,0.297211,0.438482,0.292125,0.063761,3.90554,0.200289,0.176316,1.446253,0.022306,0.0574,0.030114,0.035275
Run 5,A,XIV,3,A-XIV-3,2.141009,0.59306,0.54764,0.542951,0.08716,2.148665,0.273038,0.250886,1.862119,0.033471,0.052982,0.029369,0.032893
Run 5,A,XVI,1,A-XVI-1,2.05271,0.710194,0.620161,0.498821,0.101073,0.780115,0.247696,0.203626,1.978512,0.042265,0.058696,0.030266,0.039216
Run 5,A,XVI,2,A-XVI-2,1.073394,0.367516,0.380344,0.225127,0.069232,0.084884,0.188126,0.167295,1.497297,0.031392,0.060543,0.033434,0.035023
Run 5,A,XVI,3,A-XVI-3,0.866123,0.46492,0.415378,0.306096,0.040695,1.777639,0.153528,0.142601,2.023915,0.038622,0.060592,0.027348,0.029691
Run 5,A,XVII,1,A-XVII-1,0.450327,0.290121,0.271326,0.085843,0.076898,0.337621,0.101017,0.09513,1.895672,0.0242,0.057486,0.030971,0.037183
Run 5,A,XVII,2,A-XVII-2,0.350066,0.222522,0.263679,0.077816,0.075401,3.73462,0.098803,0.108595,2.975992,0.036847,0.051079,0.032468,0.034433
Run 5,A,XVII,3,A-XVII-3,0.378376,0.272234,0.292112,0.097899,0.081904,0.175559,0.125203,0.151079,2.097583,0.03429,0.061825,0.035133,0.033655
Run 5,A,XVIII,1,A-XVIII-1,0.217445,0.202305,0.297317,0.114142,0.038469,5.893176,0.056122,0.096238,9.061952,0.020971,0.053784,0.021732,0.024807
Run 5,A,XVIII,2,A-XVIII-2,0.479564,0.262187,0.252431,0.148545,0.058561,6.727426,0.095285,0.11912,9.208409,0.031608,0.053731,0.025137,0.024778
Run 5,A,XVIII,3,A-XVIII-3,0.368301,0.210193,0.195099,0.11451,0.05001,5.733526,0.053249,0.105053,8.569002,0.01586,0.060391,0.026728,0.027295
Run 5,B,NI,1,B-NI-1,0.18525,0.086789,0.081621,0.039703,0.042555,0.015852,0.073081,0.556707,1.291001,0.021839,0.065637,0.061834,0.070039
Run 5,B,NI,2,B-NI-2,0.157422,0.09391,0.085131,0.046954,0.032026,0.177278,0.081581,0.575376,1.56203,0.015123,0.068168,0.050001,0.059915
Run 5,B,NI,3,B-NI-3,0.160218,0.080082,0.093135,0.062118,0.02235,3.03258,0.08264,0.594179,1.599229,0.019185,0.063277,0.052735,0.061746
Run 5,B,XIV,1,B-XIV-1,0.321177,0.094912,0.076995,0.047133,0.040672,0.773224,0.118012,0.41983,0.935048,0.039269,0.06303,0.062444,0.063486
Run 5,B,XIV,2,B-XIV-2,0.678497,0.151104,0.117834,0.091668,0.04217,5.104978,0.133376,0.569309,1.143591,0.039992,0.055735,0.057067,0.053518
Run 5,B,XIV,3,B-XIV-3,0.183737,0.047135,0.070054,0.047483,0.029576,0.021186,0.093447,0.521189,0.96765,0.045146,0.061906,0.067645,0.069917
Run 5,B,XVI,1,B-XVI-1,0.325368,0.113515,0.100509,0.049317,0.037675,0.02911,0.116224,0.645529,1.38259,0.032503,0.067543,0.051776,0.058937
Run 5,B,XVI,2,B-XVI-2,0.22662,0.07438,0.09308,0.051446,0.028258,0.023107,0.086044,0.657624,1.536005,0.023294,0.058061,0.051692,0.059064
Run 5,B,XVI,3,B-XVI-3,0.495605,0.140807,0.116711,0.108495,0.042193,0.016005,0.127545,0.757137,1.292049,0.022949,0.068185,0.057814,0.066738
Run 5,B,XVII,1,B-XVII-1,0.302377,0.112902,0.071075,0.039335,0.06297,18.525344,0.08096,0.565968,1.058019,0.026218,0.046234,0.044526,0.043931
Run 5,B,XVII,2,B-XVII-2,0.556392,0.150511,0.097124,0.053211,0.046877,0.005361,0.124454,0.533313,0.934856,0.021185,0.047009,0.071382,0.051957
Run 5,B,XVII,3,B-XVII-3,0.240439,0.0738,0.052617,0.043916,0.042372,0.137538,0.05361,0.429402,0.764248,0.036191,0.060945,0.082751,0.066673
Run 5,B,XVIII,1,B-XVIII-1,0.286143,0.100569,0.077936,0.03469,0.049653,0.014428,0.07668,0.594723,1.115568,0.039738,0.060401,0.062046,0.067878
Run 5,B,XVIII,2,B-XVIII-2,0.345475,0.100375,0.120828,0.061213,0.063609,0.128278,0.101757,0.628144,0.968129,0.042261,0.056766,0.062031,0.066289
Run 5,B,XVIII,3,B-XVIII-3,0.307222,0.144986,0.099627,0.055504,0.051614,0.391591,0.097442,0.641247,1.120247,0.041336,0.066735,0.071585,0.069032
Run 5,F,NI,1,F-NI-1,1.581063,0.34613,0.294769,0.104085,0.049198,2.851143,0.068966,0.039726,0.041867,0.065052,0.043705,0.020256,0.020225
Run 5,F,NI,2,F-NI-2,1.483177,0.412596,0.311963,0.124281,0.099242,1.248908,0.141717,0.107442,0.061995,0.021454,0.047747,0.02962,0.027993
Run 5,F,NI,3,F-NI-3,1.306007,0.386698,0.233635,0.103669,0.108182,0.055781,0.162107,0.102445,0.053548,0.020637,0.048513,0.028222,0.030801
Run 5,F,XIV,1,F-XIV-1,1.135672,0.429677,0.301377,0.100045,0.115134,3.890972,0.118341,0.090981,0.023562,0.027635,0.053763,0.02292,0.022851
Run 5,F,XIV,2,F-XIV-2,2.224399,0.667705,0.517489,0.239367,0.18034,19.326416,0.192506,0.147866,0.07725,0.085181,0.050416,0.014102,0.016855
Run 5,F,XIV,3,F-XIV-3,3.56712,0.779046,0.593726,0.352286,0.093292,7.841131,0.167162,0.118819,0.114852,0.029156,0.050823,0.021809,0.022451
Run 5,F,XVI,1,F-XVI-1,1.482892,0.359528,0.389307,0.107557,0.105543,15.500981,0.117403,0.122563,0.031027,0.055338,0.047515,0.018866,0.023156
Run 5,F,XVI,2,F-XVI-2,1.948576,0.299633,0.326759,0.129222,0.088018,9.295396,0.133582,0.112517,0.047248,0.022616,0.04961,0.021595,0.028644
Run 5,F,XVI,3,F-XVI-3,1.953543,0.348134,0.436452,0.10901,0.060784,4.434304,0.032714,0.048948,0.0227,0.018469,0.051513,0.021422,0.025059
Run 5,F,XVII,1,F-XVII-1,2.397253,0.353637,0.400654,0.11065,0.071516,4.929856,0.104153,0.129987,0.020773,0.018879,0.047734,0.016867,0.025237
Run 5,F,XVII,2,F-XVII-2,2.358695,0.46977,0.443655,0.148389,0.09818,0.248851,0.12046,0.161646,0.051519,0.017862,0.048356,0.014981,0.017675
Run 5,F,XVII,3,F-XVII-3,2.331834,0.436162,0.459972,0.117194,0.108007,0.177545,0.108465,0.154265,0.062878,0.019164,0.04911,0.018295,0.021268
Run 5,F,XVIII,1,F-XVIII-1,1.775811,0.229653,0.316695,0.085795,0.110412,0.172874,0.030689,0.045303,0.028473,0.020245,0.046546,0.019782,0.026778
Run 5,F,XVIII,2,F-XVIII-2,2.430102,0.386419,0.494415,0.182731,0.142027,3.167523,0.07121,0.057526,0.036344,0.017019,0.051102,0.015514,0.01992
Run 5,F,XVIII,3,F-XVIII-3,2.157938,0.240294,0.303879,0.154108,0.053143,1.026029,0.03843,0.03032,0.040688,0.00893,0.051977,0.019037,0.021166
Run 5,1011c,NI,1,1011c-NI-1,0.536884,0.22046,0.170633,0.060196,0.078958,6.200193,0.076794,0.06057,0.020338,0.013782,0.046406,0.040768,0.038513
Run 5,1011c,NI,2,1011c-NI-2,0.465756,0.185069,0.145798,0.060352,0.059251,10.889118,0.100499,0.052774,0.019774,0.024828,0.043583,0.045028,0.035548
Run 5,1011c,NI,3,1011c-NI-3,0.568953,0.312897,0.280759,0.074857,0.077445,2.216561,0.034955,0.025641,0.01247,0.012853,0.054972,0.042672,0.034525
Run 5,1011c,XIV,1,1011c-XIV-1,0.680163,0.309994,0.223484,0.063674,0.138608,2.096856,0.091267,0.03084,0.02371,0.021147,0.046771,0.039246,0.033509
Run 5,1011c,XIV,2,1011c-XIV-2,0.440956,0.281348,0.204015,0.060524,0.093472,0.01707,0.07117,0.029721,0.010146,0.043799,0.040073,0.040203,0.03438
Run 5,1011c,XIV,3,1011c-XIV-3,0.569941,0.230418,0.175555,0.032278,0.079083,0.71564,0.047798,0.033356,0.013935,0.019,0.048817,0.042122,0.039809
Run 5,1011c,XVI,1,1011c-XVI-1,0.704704,0.251096,0.169034,0.085661,0.098768,6.083591,0.089088,0.065464,0.017826,0.032963,0.045345,0.039275,0.036188
Run 5,1011c,XVI,2,1011c-XVI-2,0.555357,0.177218,0.167487,0.064157,0.076692,0.01483,0.066087,0.063409,0.012436,0.011752,0.047318,0.038718,0.034961
Run 5,1011c,XVI,3,1011c-XVI-3,0.881825,0.317126,0.224054,0.100005,0.062644,0.012625,0.059907,0.034066,0.020984,0.018746,0.046026,0.036833,0.036173
Run 5,1011c,XVII,1,1011c-XVII-1,0.622203,0.255314,0.301426,0.081932,0.104384,0.715275,0.088077,0.069199,0.016293,0.012469,0.05718,0.031744,0.03663
Run 5,1011c,XVII,2,1011c-XVII-2,0.435637,0.265177,0.238506,0.061537,0.083195,0.012585,0.070094,0.060294,0.017567,0.019047,0.048698,0.034856,0.040567
Run 5,1011c,XVII,3,1011c-XVII-3,0.457194,0.200267,0.223626,0.087099,0.056349,0.012314,0.009041,0.008949,0.009613,0.005721,0.059043,0.037785,0.046715
Run 5,1011c,XVIII,1,1011c-XVIII-1,0.618876,0.294492,0.23174,0.120831,0.065064,0.00249,0.040391,0.041086,0.014431,0.03252,0.047807,0.019729,0.02261
Run 5,1011c,XVIII,2,1011c-XVIII-2,0.364641,0.186763,0.187662,0.046452,0.060951,0.012047,0.028977,0.037318,0.007277,0.022594,0.062923,0.026284,0.036586
Run 5,1011c,XVIII,3,1011c-XVIII-3,0.988512,0.362978,0.365046,0.15719,0.092758,0.016108,0.051938,0.045393,0.027595,0.018556,0.035251,0.013253,0.019188
Run 5,T2,NI,1,T2-NI-1,2.684917,0.611664,0.411476,0.273854,0.05036,0.218661,0.108768,0.072443,0.085169,0.039867,0.047477,0.020438,0.023889
Run 5,T2,NI,2,T2-NI-2,2.47165,0.404579,0.31753,0.192812,0.045159,3.575586,0.125283,0.074915,0.066385,0.027265,0.052921,0.020784,0.024199
Run 5,T2,NI,3,T2-NI-3,4.130447,0.685032,0.559582,0.571064,0.081834,0.685695,0.189603,0.104052,0.181375,0.020336,0.060881,0.018653,0.030085
Run 5,T2,XIV,1,T2-XIV-1,1.421421,0.31367,0.224017,0.061393,0.146938,1.261003,0.121965,0.059207,0.019378,0.043399,0.037115,0.029041,0.023604
Run 5,T2,XIV,2,T2-XIV-2,2.054266,0.358899,0.281048,0.116957,0.193983,0.01637,0.154052,0.089949,0.02101,0.027923,0.038556,0.02641,0.024564
Run 5,T2,XIV,3,T2-XIV-3,1.777624,0.311539,0.235284,0.066056,0.177851,0.39429,0.132386,0.077476,0.023,0.052496,0.037003,0.032187,0.026132
Run 5,T2,XVI,1,T2-XVI-1,2.142543,0.344581,0.244403,0.118395,0.079476,0.880577,0.060882,0.044736,0.032601,0.043341,0.041015,0.02208,0.022605
Run 5,T2,XVI,2,T2-XVI-2,1.846462,0.28621,0.240022,0.062765,0.071325,0.015774,0.053459,0.044398,0.02573,0.025012,0.058284,0.017688,0.024317
Run 5,T2,XVI,3,T2-XVI-3,2.498105,0.366903,0.340592,0.154232,0.122047,0.0349,0.158888,0.113728,0.037467,0.050463,0.047218,0.020305,0.018154
Run 5,T2,XVII,1,T2-XVII-1,2.188879,0.35383,0.316681,0.112423,0.155207,25.256689,0.186461,0.139956,0.069955,0.045516,0.044561,0.022439,0.024384
Run 5,T2,XVII,2,T2-XVII-2,1.425742,0.25181,0.281724,0.06358,0.122547,3.191592,0.081032,0.079865,0.011311,0.041371,0.045913,0.020193,0.029448
Run 5,T2,XVII,3,T2-XVII-3,2.338843,0.373053,0.366194,0.065319,0.133444,14.49125,0.153853,0.110528,0.039209,0.032474,0.042162,0.021918,0.022983
Run 5,T2,XVIII,1,T2-XVIII-1,3.065799,0.245613,0.208861,0.057068,0.061914,0.371666,0.051916,0.064602,0.025162,0.023416,0.040636,0.016507,0.018047
Run 5,T2,XVIII,2,T2-XVIII-2,2.105548,0.170056,0.128784,0.058187,0.06581,0.054663,0.049468,0.021979,0.017458,0.008618,0.045242,0.018406,0.024847
Run 5,T2,XVIII,3,T2-XVIII-3,2.002169,0.170257,0.150413,0.081359,0.091808,0.02812,0.062311,0.044095,0.015343,0.025487,0.051472,0.021185,0.022823
Run 6,Ct,NI,1,Ct-NI-1,147.748867,31.369904,20.016041,17.100734,9.684903,36.692407,23.40308,16.023061,8.436677,5.626978,0.047613,0.092761,0.088438
Run 6,Ct,NI,2,Ct-NI-2,152.214442,33.516376,21.24851,17.997468,9.920488,71.529215,25.535867,17.112308,9.024018,5.76613,0.058228,0.100451,0.088207
Run 6,Ct,NI,3,Ct-NI-3,139.700474,30.774113,20.020738,17.032357,9.227258,36.089881,23.575573,16.103976,8.513803,5.32917,0.057859,0.098889,0.094283
Run 6,A,NI,1,A-NI-1,0.069173,0.034064,0.054002,0.040607,0.010281,11.549646,0.017721,0.082193,2.798846,0.010305,0.07225,0.078299,0.094526
Run 6,A,NI,2,A-NI-2,0.104451,0.043501,0.054648,0.037266,0.011905,4.18045,0.026848,0.09061,3.580921,0.007146,0.060557,0.070237,0.089983
Run 6,A,NI,3,A-NI-3,0.10431,0.039681,0.068662,0.052566,0.022858,2.114421,0.02421,0.082694,4.27706,0.009733,0.066983,0.084476,0.082413
Run 6,A,XIX,1,A-XIX-1,0.551374,0.123796,0.118827,0.091993,0.038537,0.0996,0.089879,0.110119,3.134476,0.016353,0.061541,0.079735,0.084231
Run 6,A,XIX,2,A-XIX-2,0.220054,0.050069,0.061378,0.05209,0.019057,0.720649,0.035035,0.048542,3.681436,0.009785,0.068243,0.090447,0.094128
Run 6,A,XIX,3,A-XIX-3,0.122774,0.035309,0.050913,0.048321,0.014234,0.716321,0.022849,0.062543,3.708366,0.00591,0.067147,0.088627,0.092063
Run 6,A,XX,1,A-XX-1,0.085958,0.030532,0.039347,0.031302,0.017149,11.055464,0.015012,0.062605,4.229398,0.004999,0.056871,0.069758,0.073117
Run 6,A,XX,2,A-XX-2,0.076148,0.050465,0.037387,0.02887,0.01293,189.103657,0.055265,0.069559,3.119803,0.078511,0.053962,0.089187,0.077619
Run 6,A,XX,3,A-XX-3,0.127972,0.039046,0.045896,0.032561,0.015517,47.01809,0.022566,0.0611,4.344169,0.017844,0.054331,0.067545,0.072314
Run 6,B,NI,1,B-NI-1,0.075957,0.034938,0.031496,0.030562,0.01405,5.934287,0.154982,5.23025,10.903269,0.01674,0.064762,0.0892,0.089317
Run 6,B,NI,2,B-NI-2,0.251596,0.060356,0.055445,0.056997,0.027047,0.708931,0.173051,6.237313,11.123971,0.031814,0.074057,0.091788,0.094349
Run 6,B,NI,3,B-NI-3,0.092345,0.028328,0.039645,0.039449,0.013813,1.459571,0.135324,5.840721,10.484483,0.025926,0.069197,0.090752,0.104558
Run 6,B,XIX,1,B-XIX-1,0.226974,0.074622,0.054991,0.069106,0.019728,0.321205,0.177735,7.192119,12.307733,0.011197,0.054593,0.079855,0.074614
Run 6,B,XIX,2,B-XIX-2,0.172308,0.05191,0.034373,0.060493,0.020636,0.630011,0.182358,7.889893,10.99162,0.014222,0.065168,0.074276,0.088348
Run 6,B,XIX,3,B-XIX-3,0.137486,0.042514,0.020278,0.050905,0.016827,1.169075,0.197007,9.430167,12.539252,0.014031,0.059024,0.082799,0.078881
Run 6,B,XX,1,B-XX-1,0.139737,0.047221,0.067577,0.034046,0.02717,3.681748,0.155593,5.982492,12.066087,0.044185,0.057993,0.068049,0.077172
Run 6,B,XX,2,B-XX-2,0.285485,0.083952,0.070759,0.080187,0.03575,1.543919,0.203062,5.945127,11.801727,0.054078,0.059845,0.078075,0.084059
Run 6,B,XX,3,B-XX-3,0.096834,0.039099,0.062206,0.040226,0.031818,2.429417,0.168896,5.278502,11.834332,0.038519,0.061755,0.086794,0.084693
Run 6,F,NI,1,F-NI-1,0.782241,0.047866,0.060969,0.085011,0.01862,1.318149,0.023286,0.01516,0.03042,0.007971,0.068954,0.071818,0.082851
Run 6,F,NI,2,F-NI-2,0.809835,0.037398,0.042199,0.067945,0.011486,2.24265,0.010727,0.00812,0.020342,0.009246,0.066349,0.073684,0.089621
Run 6,F,NI,3,F-NI-3,0.872871,0.036377,0.043018,0.058419,0.014529,2.344833,0.007731,0.006285,0.021236,0.004262,0.063971,0.080071,0.094587
Run 6,F,XIX,1,F-XIX-1,2.475065,0.072961,0.064522,0.07221,0.017143,0.271954,0.012436,0.007667,0.022514,0.008648,0.063549,0.079905,0.084017
Run 6,F,XIX,2,F-XIX-2,2.53495,0.052978,0.087306,0.072587,0.015671,0.586059,0.008401,0.011763,0.018802,0.007114,0.062778,0.076114,0.087762
Run 6,F,XIX,3,F-XIX-3,2.982125,0.04413,0.070923,0.082554,0.015645,0.492043,0.013837,0.009722,0.03126,0.005015,0.059577,0.063618,0.081011
Run 6,F,XX,1,F-XX-1,1.258094,0.065861,0.083269,0.085544,0.026274,6.163213,0.02498,0.013887,0.026994,0.009182,0.062519,0.073025,0.090196
Run 6,F,XX,2,F-XX-2,1.854705,0.174984,0.156205,0.141233,0.105905,4.068097,0.081612,0.063292,0.051362,0.029089,0.062473,0.069204,0.081525
Run 6,F,XX,3,F-XX-3,1.563162,0.109284,0.152898,0.112861,0.059431,10.690425,0.044315,0.035176,0.049096,0.013145,0.062447,0.070985,0.083795
Run 6,1011c,NI,1,1011c-NI-1,0.595744,0.087128,0.085391,0.080967,0.032632,1.637314,0.037964,0.019618,0.016469,0.100425,0.052106,0.07421,0.073929
Run 6,1011c,NI,2,1011c-NI-2,0.361894,0.106798,0.103143,0.038704,0.032479,1.464459,0.017063,0.010826,0.011476,0.007916,0.058394,0.077632,0.07883
Run 6,1011c,NI,3,1011c-NI-3,0.398553,0.079449,0.057352,0.049317,0.021021,0.521199,0.012485,0.009375,0.001937,0.007208,0.054749,0.082674,0.088768
Run 6,1011c,XIX,1,1011c-XIX-1,0.880686,0.082368,0.064096,0.077958,0.006729,0.162876,0.008888,0.009672,0.007401,0.005822,0.069542,0.073838,0.087483
Run 6,1011c,XIX,2,1011c-XIX-2,1.278691,0.162923,0.11246,0.14077,0.029399,0.599857,0.036091,0.037129,0.027224,0.011016,0.056481,0.06584,0.071739
Run 6,1011c,XIX,3,1011c-XIX-3,1.196744,0.113457,0.087813,0.10262,0.010317,0.414125,0.008379,0.006825,0.007789,0.011038,0.05895,0.065632,0.075085
Run 6,1011c,XX,1,1011c-XX-1,0.448565,0.080045,0.062255,0.041774,0.019582,3.179995,0.006844,0.006107,0.005118,0.004764,0.053544,0.082014,0.079774
Run 6,1011c,XX,2,1011c-XX-2,0.457646,0.088388,0.060994,0.018054,0.010615,1.010006,0.002064,0.005533,0.004379,0.003361,0.052981,0.087479,0.080568
Run 6,1011c,XX,3,1011c-XX-3,0.31553,0.060722,0.054113,0.037992,0.008952,0.805392,0.007536,0.004682,0.004803,0.006293,0.058792,0.090293,0.088129
Run 6,T2,NI,1,T2-NI-1,1.667453,0.031144,0.024497,0.043759,0.014172,0.345807,0.007596,0.007081,0.017119,0.005384,0.068315,0.071341,0.087528
Run 6,T2,NI,2,T2-NI-2,1.883164,0.049637,0.027802,0.052745,0.021653,1.108876,0.017412,0.011185,0.02633,0.01862,0.063601,0.071987,0.091452
Run 6,T2,NI,3,T2-NI-3,1.806806,0.041887,0.028848,0.034932,0.013582,0.781975,0.012179,0.008407,0.013844,0.006868,0.076388,0.077917,0.091439
Run 6,T2,XIX,1,T2-XIX-1,2.244499,0.024911,0.018482,0.029512,0.010415,0.305372,0.006231,0.007826,0.012559,0.008469,0.051552,0.08416,0.078885
Run 6,T2,XIX,2,T2-XIX-2,2.278833,0.025535,0.012855,0.02227,0.013458,0.462123,0.006316,0.005198,0.009812,0.006642,0.048349,0.074416,0.075956
Run 6,T2,XIX,3,T2-XIX-3,2.508994,0.025386,0.014231,0.035752,0.006107,1.241661,0.002598,0.005882,0.010376,0.006714,0.045978,0.071824,0.074137
Run 6,T2,XX,1,T2-XX-1,1.734093,0.0331,0.010755,0.021616,0.010093,3.743532,0.00325,0.005832,0.014281,0.009112,0.061905,0.083913,0.083793
Run 6,T2,XX,2,T2-XX-2,1.528145,0.022972,0.009513,0.025422,0.01312,1.462749,0.011101,0.006926,0.010417,0.009378,0.061335,0.081758,0.093693
Run 6,T2,XX,3,T2-XX-3,1.651099,0.030327,0.024482,0.021985,0.011333,2.404067,0.011315,0.010326,0.013036,0.007812,0.067203,0.073866,0.085467
Run 6,JL885,NI,1,JL885-NI-1,0.204484,0.095606,0.092864,0.033239,0.044355,0.778004,0.166094,6.281064,4.928668,0.047689,0.056174,0.067529,0.0841
Run 6,JL885,NI,2,JL885-NI-2,0.253459,0.1099,0.083829,0.045099,0.056875,1.71051,0.175561,6.424675,4.840116,0.058795,0.069513,0.071596,0.092559
Run 6,JL885,NI,3,JL885-NI-3,0.26784,0.103119,0.08637,0.049345,0.041434,0.780162,0.165933,6.302688,4.823875,0.043005,0.056926,0.078327,0.090006
Run 6,JL885,XVI,1,JL885-XVI-1,0.242222,0.064812,0.078053,0.045257,0.037198,3.894136,0.20432,6.015181,4.307173,0.04146,0.062182,0.07763,0.092943
Run 6,JL885,XVI,2,JL885-XVI-2,0.210898,0.121598,0.092065,0.036447,0.073334,2.167202,0.230515,6.70898,4.685941,0.062888,0.065761,0.077275,0.08784
Run 6,JL885,XVI,3,JL885-XVI-3,0.229035,0.059695,0.095213,0.039998,0.029152,0.226922,0.277418,6.332343,4.325655,0.060221,0.062075,0.081004,0.086092
Run 6,JL885,XVII,1,JL885-XVII-1,0.217254,0.128993,0.0687,0.018652,0.066471,3.906919,1.31407,5.097064,2.87632,0.129422,0.047799,0.083125,0.084739
Run 6,JL885,XVII,2,JL885-XVII-2,0.299678,0.117558,0.082051,0.046608,0.081305,3.217823,1.598304,6.525812,3.937117,0.139603,0.050893,0.081455,0.074821
Run 6,JL885,XVII,3,JL885-XVII-3,0.277004,0.098131,0.089256,0.029626,0.035218,1.293617,1.840896,5.725069,3.431236,0.198064,0.051561,0.09278,0.085687
Run 6,JL885,XVIII,1,JL885-XVIII-1,0.234867,0.072023,0.073001,0.032046,0.097702,2.800862,2.590525,5.091099,2.869983,0.28876,0.042359,0.090583,0.08096
Run 6,JL885,XVIII,2,JL885-XVIII-2,0.244734,0.085464,0.063118,0.041805,0.042801,1.791355,2.699829,4.981788,2.892289,0.298287,0.043669,0.090767,0.082922
Run 6,JL885,XVIII,3,JL885-XVIII-3,0.212672,0.069326,0.055283,0.040381,0.03451,1.00362,2.319117,4.212926,2.289652,0.280073,0.05067,0.091309,0.087412
Run 6,JL885,XIX,1,JL885-XIX-1,0.397624,0.151758,0.161884,0.067961,0.124743,0.280243,0.875259,9.527436,6.192461,0.102557,0.058705,0.065064,0.077467
Run 6,JL885,XIX,2,JL885-XIX-2,0.322144,0.122848,0.148326,0.070584,0.076765,0.513252,0.783454,9.590788,6.630575,0.090084,0.052558,0.069656,0.078569
Run 6,JL885,XIX,3,JL885-XIX-3,0.324612,0.139499,0.148855,0.060104,0.06978,0.366591,0.954773,8.176692,5.2567,0.087058,0.053388,0.060006,0.075795
Run 6,JL885,XX,1,JL885-XX-1,0.218023,0.089471,0.116134,0.040053,0.086209,0.372827,0.902818,7.339134,5.444028,0.094199,0.056471,0.064009,0.083509
Run 6,JL885,XX,2,JL885-XX-2,0.219888,0.105937,0.141658,0.039536,0.062893,1.402794,1.208118,9.722277,6.511587,0.107113,0.060224,0.071915,0.076906
Run 6,JL885,XX,3,JL885-XX-3,0.347497,0.107663,0.121744,0.057481,0.044252,0.495351,1.065161,8.875503,6.355227,0.082321,0.061118,0.059329,0.085582