Run,BSH_Enzyme,BSH_IP_Conc,Inhibitor,Inhibitor_IP_Conc,Replicate,Sample_ID,TUDCA_Conc,TCA_Conc,TLCA_Conc,GUDCA_Conc,GCDCA_Conc,GDCA_Conc,GCA_Conc,GLCA_Conc,TUDCA,TCDCA,TDCA,TCA,TLCA,GUDCA,GCDCA,GDCA,GCA,GLCA,inhibitor_compound_canonicalized,Inhibitor_Complexity,Inhibitor_H_Bond_Acceptor,Inhibitor_H_Bond_Donor,Inhibitor_Rotatable_Bonds,Inhibitor_Mass_Exact,Inhibitor_Molecular_Weight,Inhibitor_Polar_Surface_Area,Inhibitor_Weight_Monoisotopic,Protein_Organism,Protein_Molecular_Weight,Protein_Aromaticity,Protein_Instability_Index,Protein_Isoelectric_Point,Protein_GRAVY,Protein_AA_Percent_A,Protein_AA_Percent_C,Protein_AA_Percent_D,Protein_AA_Percent_E,Protein_AA_Percent_F,Protein_AA_Percent_G,Protein_AA_Percent_H,Protein_AA_Percent_I,Protein_AA_Percent_K,Protein_AA_Percent_L,Protein_AA_Percent_M,Protein_AA_Percent_N,Protein_AA_Percent_P,Protein_AA_Percent_Q,Protein_AA_Percent_R,Protein_AA_Percent_S,Protein_AA_Percent_T,Protein_AA_Percent_V,Protein_AA_Percent_W,Protein_AA_Percent_Y
Run 1,Ct,0.0,NI,0.0,Average,Ct-NI-1,49970.0,16338.0,48370.0,44960.0,44960.0,44960.0,46460.0,43360.0,50.627,6.931,23.421,7.291,1.887,0.596,7.738,16.713,7.458,1.127,0.0,0.0,0.0,0.0,0.0,0,0,0.0,0,0,0.0,0.0,0.0,0.0,0.0,0.0,0.0,0.0,0.0,0.0,0.0,0.0,0.0,0.0,0.0,0.0,0.0,0.0,0.0,0.0,0.0,0.0,0.0,0.0,0.0
Run 2,Ct,0.0,NI,0.0,Average,Ct-NI-1,49970.0,16338.0,48370.0,44960.0,44960.0,44960.0,46460.0,43360.0,34.432,8.541,13.845,7.398,0.933,0.129,3.113,11.944,5.6,1.06,0.0,0.0,0.0,0.0,0.0,0,0,0.0,0,0,0.0,0.0,0.0,0.0,0.0,0.0,0.0,0.0,0.0,0.0,0.0,0.0,0.0,0.0,0.0,0.0,0.0,0.0,0.0,0.0,0.0,0.0,0.0,0.0,0.0
Run 3,Ct,0.0,NI,0.0,Average,Ct-NI-1,49970.0,16338.0,48370.0,44960.0,44960.0,44960.0,46460.0,43360.0,60.22,31.292,22.716,20.204,5.765,19.829,21.296,16.729,14.789,2.294,0.0,0.0,0.0,0.0,0.0,0,0,0.0,0,0,0.0,0.0,0.0,0.0,0.0,0.0,0.0,0.0,0.0,0.0,0.0,0.0,0.0,0.0,0.0,0.0,0.0,0.0,0.0,0.0,0.0,0.0,0.0,0.0,0.0
Run 4,Ct,0.0,NI,0.0,Average,Ct-NI-1,49970.0,16338.0,48370.0,44960.0,44960.0,44960.0,46460.0,43360.0,52.403,22.13,16.428,12.785,3.681,47.179,13.014,10.766,8.219,1.109,0.0,0.0,0.0,0.0,0.0,0,0,0.0,0,0,0.0,0.0,0.0,0.0,0.0,0.0,0.0,0.0,0.0,0.0,0.0,0.0,0.0,0.0,0.0,0.0,0.0,0.0,0.0,0.0,0.0,0.0,0.0,0.0,0.0
Run 5,Ct,0.0,NI,0.0,Average,Ct-NI-1,49970.0,16338.0,48370.0,44960.0,44960.0,44960.0,46460.0,43360.0,85.511,15.902,11.387,9.407,3.801,5.317,10.658,7.706,4.11,1.931,0.0,0.0,0.0,0.0,0.0,0,0,0.0,0,0,0.0,0.0,0.0,0.0,0.0,0.0,0.0,0.0,0.0,0.0,0.0,0.0,0.0,0.0,0.0,0.0,0.0,0.0,0.0,0.0,0.0,0.0,0.0,0.0,0.0
Run 6,Ct,0.0,NI,0.0,Average,Ct-NI-1,49970.0,16338.0,48370.0,44960.0,44960.0,44960.0,46460.0,43360.0,146.555,31.887,20.428,17.377,9.611,48.104,24.172,16.413,8.658,5.574,0.0,0.0,0.0,0.0,0.0,0,0,0.0,0,0,0.0,0.0,0.0,0.0,0.0,0.0,0.0,0.0,0.0,0.0,0.0,0.0,0.0,0.0,0.0,0.0,0.0,0.0,0.0,0.0,0.0,0.0,0.0,0.0,0.0
Run 1,JL885,7323.132,NI,0.0,Average,JL885-NI-1,49970.0,16338.0,48370.0,44960.0,44960.0,44960.0,46460.0,43360.0,0.118,0.027,0.028,0.044,0.006,0.01,0.02,0.003,0.174,0.004,0.0,0.0,0.0,0.0,0.0,0,0,0.0,0,Ligilactobacillus salivarius,36615.662,0.114,31.159,4.914,-0.386,0.04,0.009,0.062,0.071,0.052,0.074,0.012,0.077,0.065,0.086,0.012,0.099,0.037,0.025,0.031,0.062,0.062,0.062,0.006,0.056
Run 6,JL885,7323.132,NI,0.0,Average,JL885-NI-1,49970.0,16338.0,48370.0,44960.0,44960.0,44960.0,46460.0,43360.0,0.242,0.103,0.088,0.043,0.048,1.09,0.169,6.336,4.864,0.05,0.0,0.0,0.0,0.0,0.0,0,0,0.0,0,Ligilactobacillus salivarius,36615.662,0.114,31.159,4.914,-0.386,0.04,0.009,0.062,0.071,0.052,0.074,0.012,0.077,0.065,0.086,0.012,0.099,0.037,0.025,0.031,0.062,0.062,0.062,0.006,0.056
Run 1,JL885,7323.132,R,37640.0,Average,JL885-R-1,49970.0,16338.0,48370.0,44960.0,44960.0,44960.0,46460.0,43360.0,0.133,0.026,0.035,0.08,0.005,0.008,0.023,0.003,0.295,0.003,1.0,680.0,7.0,5.0,5.0,376.13828437,376.4,155.0,376.13828437,Ligilactobacillus salivarius,36615.662,0.114,31.159,4.914,-0.386,0.04,0.009,0.062,0.071,0.052,0.074,0.012,0.077,0.065,0.086,0.012,0.099,0.037,0.025,0.031,0.062,0.062,0.062,0.006,0.056
Run 1,JL885,7323.132,CAPE,28431.0,Average,JL885-CAPE-1,49970.0,16338.0,48370.0,44960.0,44960.0,44960.0,46460.0,43360.0,0.088,0.03,0.043,0.069,0.012,0.01,0.014,0.003,0.21,0.001,1.0,347.0,4.0,2.0,6.0,284.10485899,284.31,66.8,284.10485899,Ligilactobacillus salivarius,36615.662,0.114,31.159,4.914,-0.386,0.04,0.009,0.062,0.071,0.052,0.074,0.012,0.077,0.065,0.086,0.012,0.099,0.037,0.025,0.031,0.062,0.062,0.062,0.006,0.056
Run 1,JL885,7323.132,CAC,33240.0,Average,JL885-CAC-1,49970.0,16338.0,48370.0,44960.0,44960.0,44960.0,46460.0,43360.0,0.058,0.009,0.027,0.039,0.002,0.004,0.031,0.002,0.428,0.002,1.0,500.0,4.0,3.0,2.0,332.19875937,332.4,77.8,332.19875937,Ligilactobacillus salivarius,36615.662,0.114,31.159,4.914,-0.386,0.04,0.009,0.062,0.071,0.052,0.074,0.012,0.077,0.065,0.086,0.012,0.099,0.037,0.025,0.031,0.062,0.062,0.062,0.006,0.056
Run 1,JL885,7323.132,I,31940.0,Average,JL885-I-1,49970.0,16338.0,48370.0,44960.0,44960.0,44960.0,46460.0,43360.0,0.083,0.017,0.047,0.082,0.004,0.012,0.008,0.003,0.263,0.003,1.0,465.0,5.0,1.0,6.0,319.08782920,319.4,80.9,319.08782920,Ligilactobacillus salivarius,36615.662,0.114,31.159,4.914,-0.386,0.04,0.009,0.062,0.071,0.052,0.074,0.012,0.077,0.065,0.086,0.012,0.099,0.037,0.025,0.031,0.062,0.062,0.062,0.006,0.056
Run 1,JL885,7323.132,II,48660.0,Average,JL885-II-1,49970.0,16338.0,48370.0,44960.0,44960.0,44960.0,46460.0,43360.0,0.073,0.026,0.049,0.063,0.007,0.006,0.01,0.002,0.406,0.004,1.0,996.0,6.0,2.0,4.0,486.15864315,486.6,149.0,486.15864315,Ligilactobacillus salivarius,36615.662,0.114,31.159,4.914,-0.386,0.04,0.009,0.062,0.071,0.052,0.074,0.012,0.077,0.065,0.086,0.012,0.099,0.037,0.025,0.031,0.062,0.062,0.062,0.006,0.056
Run 1,JL885,7323.132,III,27440.0,Average,JL885-III-1,49970.0,16338.0,48370.0,44960.0,44960.0,44960.0,46460.0,43360.0,0.062,0.013,0.034,0.045,0.006,0.002,0.009,0.002,0.202,0.002,1.0,378.0,2.0,2.0,0.0,274.193280068,274.4,40.5,274.193280068,Ligilactobacillus salivarius,36615.662,0.114,31.159,4.914,-0.386,0.04,0.009,0.062,0.071,0.052,0.074,0.012,0.077,0.065,0.086,0.012,0.099,0.037,0.025,0.031,0.062,0.062,0.062,0.006,0.056
Run 1,JL885,7323.132,IV,46450.0,Average,JL885-IV-1,49970.0,16338.0,48370.0,44960.0,44960.0,44960.0,46460.0,43360.0,0.134,0.034,0.029,0.042,0.004,0.073,0.033,0.003,0.14,0.003,1.0,616.0,10.0,3.0,6.0,464.07008596,464.5,148.0,464.07008596,Ligilactobacillus salivarius,36615.662,0.114,31.159,4.914,-0.386,0.04,0.009,0.062,0.071,0.052,0.074,0.012,0.077,0.065,0.086,0.012,0.099,0.037,0.025,0.031,0.062,0.062,0.062,0.006,0.056
Run 1,JL885,7323.132,V,31940.0,Average,JL885-V-1,49970.0,16338.0,48370.0,44960.0,44960.0,44960.0,46460.0,43360.0,0.239,0.044,0.388,0.063,0.005,0.017,0.02,0.005,0.17,0.003,1.0,541.0,3.0,2.0,0.0,319.132076794,319.4,59.6,319.132076794,Ligilactobacillus salivarius,36615.662,0.114,31.159,4.914,-0.386,0.04,0.009,0.062,0.071,0.052,0.074,0.012,0.077,0.065,0.086,0.012,0.099,0.037,0.025,0.031,0.062,0.062,0.062,0.006,0.056
Run 1,JL885,7323.132,VI,44550.0,Average,JL885-VI-1,49970.0,16338.0,48370.0,44960.0,44960.0,44960.0,46460.0,43360.0,0.095,0.052,0.052,0.06,0.006,0.014,0.01,0.007,0.263,0.007,1.0,674.0,9.0,3.0,3.0,445.12831185,445.5,120.0,445.12831185,Ligilactobacillus salivarius,36615.662,0.114,31.159,4.914,-0.386,0.04,0.009,0.062,0.071,0.052,0.074,0.012,0.077,0.065,0.086,0.012,0.099,0.037,0.025,0.031,0.062,0.062,0.062,0.006,0.056
Run 1,JL885,7323.132,VII,40440.0,Average,JL885-VII-1,49970.0,16338.0,48370.0,44960.0,44960.0,44960.0,46460.0,43360.0,0.874,0.075,0.04,0.103,0.004,0.085,0.031,0.002,0.145,0.003,1.0,767.0,6.0,1.0,4.0,404.13722174,404.4,84.9,404.13722174,Ligilactobacillus salivarius,36615.662,0.114,31.159,4.914,-0.386,0.04,0.009,0.062,0.071,0.052,0.074,0.012,0.077,0.065,0.086,0.012,0.099,0.037,0.025,0.031,0.062,0.062,0.062,0.006,0.056
Run 1,JL885,7323.132,VIII,39222.0,Average,JL885-VIII-1,49970.0,16338.0,48370.0,44960.0,44960.0,44960.0,46460.0,43360.0,0.103,0.024,0.042,0.029,0.005,2.979,0.006,0.003,0.701,0.001,1.0,548.0,11.0,1.0,3.0,392.05711637,392.22,32.3,392.05711637,Ligilactobacillus salivarius,36615.662,0.114,31.159,4.914,-0.386,0.04,0.009,0.062,0.071,0.052,0.074,0.012,0.077,0.065,0.086,0.012,0.099,0.037,0.025,0.031,0.062,0.062,0.062,0.006,0.056
Run 1,JL885,7323.132,IX,36940.0,Average,JL885-IX-1,49970.0,16338.0,48370.0,44960.0,44960.0,44960.0,46460.0,43360.0,0.154,0.03,0.058,0.057,0.005,0.306,0.115,0.016,0.287,0.005,1.0,503.0,6.0,0.0,5.0,369.12123733,369.4,90.6,369.12123733,Ligilactobacillus salivarius,36615.662,0.114,31.159,4.914,-0.386,0.04,0.009,0.062,0.071,0.052,0.074,0.012,0.077,0.065,0.086,0.012,0.099,0.037,0.025,0.031,0.062,0.062,0.062,0.006,0.056
Run 1,JL885,7323.132,X,40250.0,Average,JL885-X-1,49970.0,16338.0,48370.0,44960.0,44960.0,44960.0,46460.0,43360.0,0.129,0.022,0.063,0.068,0.004,0.636,0.013,0.007,0.473,0.004,1.0,612.0,5.0,3.0,6.0,402.21547206,402.5,96.9,402.21547206,Ligilactobacillus salivarius,36615.662,0.114,31.159,4.914,-0.386,0.04,0.009,0.062,0.071,0.052,0.074,0.012,0.077,0.065,0.086,0.012,0.099,0.037,0.025,0.031,0.062,0.062,0.062,0.006,0.056
Run 1,JL885,7323.132,XI,37740.0,Average,JL885-XI-1,49970.0,16338.0,48370.0,44960.0,44960.0,44960.0,46460.0,43360.0,1.173,0.058,0.483,0.235,0.002,0.026,0.215,0.454,0.918,0.027,1.0,573.0,4.0,1.0,5.0,377.16270821,377.4,64.6,377.16270821,Ligilactobacillus salivarius,36615.662,0.114,31.159,4.914,-0.386,0.04,0.009,0.062,0.071,0.052,0.074,0.012,0.077,0.065,0.086,0.012,0.099,0.037,0.025,0.031,0.062,0.062,0.062,0.006,0.056
Run 1,JL885,7323.132,XII,32540.0,Average,JL885-XII-1,49970.0,16338.0,48370.0,44960.0,44960.0,44960.0,46460.0,43360.0,0.083,0.02,0.033,0.056,0.005,0.016,0.016,0.018,0.1,0.006,1.0,549.0,2.0,1.0,2.0,325.17902698,325.4,56.4,325.17902698,Ligilactobacillus salivarius,36615.662,0.114,31.159,4.914,-0.386,0.04,0.009,0.062,0.071,0.052,0.074,0.012,0.077,0.065,0.086,0.012,0.099,0.037,0.025,0.031,0.062,0.062,0.062,0.006,0.056
Run 1,JL885,7323.132,XIII,47950.0,Average,JL885-XIII-1,49970.0,16338.0,48370.0,44960.0,44960.0,44960.0,46460.0,43360.0,0.087,0.019,0.051,0.098,0.004,0.032,0.025,0.029,0.128,0.004,1.0,947.0,6.0,0.0,5.0,479.14025869,479.5,102.0,479.14025869,Ligilactobacillus salivarius,36615.662,0.114,31.159,4.914,-0.386,0.04,0.009,0.062,0.071,0.052,0.074,0.012,0.077,0.065,0.086,0.012,0.099,0.037,0.025,0.031,0.062,0.062,0.062,0.006,0.056
Run 1,JL885,7323.132,XIV,35940.0,Average,JL885-XIV-1,49970.0,16338.0,48370.0,44960.0,44960.0,44960.0,46460.0,43360.0,0.212,0.033,0.091,0.141,0.002,0.152,0.057,0.086,0.109,0.004,1.0,621.0,2.0,2.0,2.0,359.16337692,359.4,65.2,359.16337692,Ligilactobacillus salivarius,36615.662,0.114,31.159,4.914,-0.386,0.04,0.009,0.062,0.071,0.052,0.074,0.012,0.077,0.065,0.086,0.012,0.099,0.037,0.025,0.031,0.062,0.062,0.062,0.006,0.056
Run 1,JL885,7323.132,XV,29430.0,Average,JL885-XV-1,49970.0,16338.0,48370.0,44960.0,44960.0,44960.0,46460.0,43360.0,0.154,0.055,0.082,0.08,0.011,0.013,0.045,0.036,0.179,0.004,1.0,422.0,3.0,1.0,4.0,294.125594432,294.3,46.5,294.125594432,Ligilactobacillus salivarius,36615.662,0.114,31.159,4.914,-0.386,0.04,0.009,0.062,0.071,0.052,0.074,0.012,0.077,0.065,0.086,0.012,0.099,0.037,0.025,0.031,0.062,0.062,0.062,0.006,0.056
Run 6,JL885,7323.132,XVI,34640.0,Average,JL885-XVI-1,49970.0,16338.0,48370.0,44960.0,44960.0,44960.0,46460.0,43360.0,0.227,0.082,0.088,0.041,0.047,2.096,0.237,6.352,4.44,0.055,1.0,572.0,5.0,3.0,1.0,346.17802393,346.4,87.0,346.17802393,Ligilactobacillus salivarius,36615.662,0.114,31.159,4.914,-0.386,0.04,0.009,0.062,0.071,0.052,0.074,0.012,0.077,0.065,0.086,0.012,0.099,0.037,0.025,0.031,0.062,0.062,0.062,0.006,0.056
Run 6,JL885,7323.132,XVII,34640.0,Average,JL885-XVII-1,49970.0,16338.0,48370.0,44960.0,44960.0,44960.0,46460.0,43360.0,0.265,0.115,0.08,0.032,0.061,2.806,1.584,5.783,3.415,0.156,1.0,572.0,5.0,3.0,1.0,346.17802393,346.4,87.0,346.17802393,Ligilactobacillus salivarius,36615.662,0.114,31.159,4.914,-0.386,0.04,0.009,0.062,0.071,0.052,0.074,0.012,0.077,0.065,0.086,0.012,0.099,0.037,0.025,0.031,0.062,0.062,0.062,0.006,0.056
Run 6,JL885,7323.132,XVIII,33040.0,Average,JL885-XVIII-1,49970.0,16338.0,48370.0,44960.0,44960.0,44960.0,46460.0,43360.0,0.231,0.076,0.064,0.038,0.058,1.865,2.536,4.762,2.684,0.289,1.0,542.0,4.0,2.0,1.0,330.18310931,330.4,66.8,330.18310931,Ligilactobacillus salivarius,36615.662,0.114,31.159,4.914,-0.386,0.04,0.009,0.062,0.071,0.052,0.074,0.012,0.077,0.065,0.086,0.012,0.099,0.037,0.025,0.031,0.062,0.062,0.062,0.006,0.056
Run 6,JL885,7323.132,XIX,34640.0,Average,JL885-XIX-1,49970.0,16338.0,48370.0,44960.0,44960.0,44960.0,46460.0,43360.0,0.348,0.138,0.153,0.066,0.09,0.387,0.871,9.098,6.027,0.093,1.0,572.0,5.0,3.0,1.0,346.17802393,346.4,87.0,346.17802393,Ligilactobacillus salivarius,36615.662,0.114,31.159,4.914,-0.386,0.04,0.009,0.062,0.071,0.052,0.074,0.012,0.077,0.065,0.086,0.012,0.099,0.037,0.025,0.031,0.062,0.062,0.062,0.006,0.056
Run 6,JL885,7323.132,XX,37450.0,Average,JL885-XX-1,49970.0,16338.0,48370.0,44960.0,44960.0,44960.0,46460.0,43360.0,0.262,0.101,0.127,0.046,0.064,0.757,1.059,8.646,6.104,0.095,1.0,602.0,5.0,2.0,3.0,374.20932405,374.5,76.0,374.20932405,Ligilactobacillus salivarius,36615.662,0.114,31.159,4.914,-0.386,0.04,0.009,0.062,0.071,0.052,0.074,0.012,0.077,0.065,0.086,0.012,0.099,0.037,0.025,0.031,0.062,0.062,0.062,0.006,0.056
Run 2,A,7854.241,NI,0.0,Average,A-NI-1,49970.0,16338.0,48370.0,44960.0,44960.0,44960.0,46460.0,43360.0,0.024,0.024,0.011,0.03,0.005,0.011,0.0,0.003,1.379,0.001,0.0,0.0,0.0,0.0,0.0,0,0,0.0,0,Bacteroides,39271.203,0.097,25.531,7.008,-0.075,0.078,0.011,0.039,0.045,0.047,0.092,0.017,0.064,0.042,0.081,0.011,0.045,0.05,0.064,0.042,0.061,0.075,0.086,0.014,0.036
Run 3,A,7854.241,NI,0.0,Average,A-NI-1,49970.0,16338.0,48370.0,44960.0,44960.0,44960.0,46460.0,43360.0,0.01,0.006,0.012,0.008,0.001,1.622,0.008,0.007,2.902,0.001,0.0,0.0,0.0,0.0,0.0,0,0,0.0,0,Bacteroides,39271.203,0.097,25.531,7.008,-0.075,0.078,0.011,0.039,0.045,0.047,0.092,0.017,0.064,0.042,0.081,0.011,0.045,0.05,0.064,0.042,0.061,0.075,0.086,0.014,0.036
Run 4,A,7854.241,NI,0.0,Average,A-NI-1,49970.0,16338.0,48370.0,44960.0,44960.0,44960.0,46460.0,43360.0,0.062,0.032,0.123,0.04,0.013,3.015,0.05,0.073,2.737,0.01,0.0,0.0,0.0,0.0,0.0,0,0,0.0,0,Bacteroides,39271.203,0.097,25.531,7.008,-0.075,0.078,0.011,0.039,0.045,0.047,0.092,0.017,0.064,0.042,0.081,0.011,0.045,0.05,0.064,0.042,0.061,0.075,0.086,0.014,0.036
Run 5,A,7854.241,NI,0.0,Average,A-NI-1,49970.0,16338.0,48370.0,44960.0,44960.0,44960.0,46460.0,43360.0,0.756,0.327,0.272,0.184,0.049,0.21,0.137,0.141,1.163,0.031,0.0,0.0,0.0,0.0,0.0,0,0,0.0,0,Bacteroides,39271.203,0.097,25.531,7.008,-0.075,0.078,0.011,0.039,0.045,0.047,0.092,0.017,0.064,0.042,0.081,0.011,0.045,0.05,0.064,0.042,0.061,0.075,0.086,0.014,0.036
Run 6,A,7854.241,NI,0.0,Average,A-NI-1,49970.0,16338.0,48370.0,44960.0,44960.0,44960.0,46460.0,43360.0,0.093,0.039,0.059,0.043,0.015,5.948,0.023,0.085,3.552,0.009,0.0,0.0,0.0,0.0,0.0,0,0,0.0,0,Bacteroides,39271.203,0.097,25.531,7.008,-0.075,0.078,0.011,0.039,0.045,0.047,0.092,0.017,0.064,0.042,0.081,0.011,0.045,0.05,0.064,0.042,0.061,0.075,0.086,0.014,0.036
Run 2,A,7854.241,R,37640.0,Average,A-R-1,49970.0,16338.0,48370.0,44960.0,44960.0,44960.0,46460.0,43360.0,0.023,0.014,0.006,0.109,0.002,0.003,0.0,0.695,1.08,0.001,1.0,680.0,7.0,5.0,5.0,376.13828437,376.4,155.0,376.13828437,Bacteroides,39271.203,0.097,25.531,7.008,-0.075,0.078,0.011,0.039,0.045,0.047,0.092,0.017,0.064,0.042,0.081,0.011,0.045,0.05,0.064,0.042,0.061,0.075,0.086,0.014,0.036
Run 2,A,7854.241,CAPE,28431.0,Average,A-CAPE-1,49970.0,16338.0,48370.0,44960.0,44960.0,44960.0,46460.0,43360.0,0.571,0.048,0.023,0.136,0.002,0.006,0.004,0.007,3.09,0.002,1.0,347.0,4.0,2.0,6.0,284.10485899,284.31,66.8,284.10485899,Bacteroides,39271.203,0.097,25.531,7.008,-0.075,0.078,0.011,0.039,0.045,0.047,0.092,0.017,0.064,0.042,0.081,0.011,0.045,0.05,0.064,0.042,0.061,0.075,0.086,0.014,0.036
Run 2,A,7854.241,CAC,33240.0,Average,A-CAC-1,49970.0,16338.0,48370.0,44960.0,44960.0,44960.0,46460.0,43360.0,0.023,0.014,0.007,0.032,0.0,0.002,0.002,0.003,2.895,0.001,1.0,500.0,4.0,3.0,2.0,332.19875937,332.4,77.8,332.19875937,Bacteroides,39271.203,0.097,25.531,7.008,-0.075,0.078,0.011,0.039,0.045,0.047,0.092,0.017,0.064,0.042,0.081,0.011,0.045,0.05,0.064,0.042,0.061,0.075,0.086,0.014,0.036
Run 3,A,7854.241,I,31940.0,Average,A-I-1,49970.0,16338.0,48370.0,44960.0,44960.0,44960.0,46460.0,43360.0,0.006,0.005,0.006,0.008,0.001,0.065,0.005,0.005,1.563,0.001,1.0,465.0,5.0,1.0,6.0,319.08782920,319.4,80.9,319.08782920,Bacteroides,39271.203,0.097,25.531,7.008,-0.075,0.078,0.011,0.039,0.045,0.047,0.092,0.017,0.064,0.042,0.081,0.011,0.045,0.05,0.064,0.042,0.061,0.075,0.086,0.014,0.036
Run 3,A,7854.241,II,48660.0,Average,A-II-1,49970.0,16338.0,48370.0,44960.0,44960.0,44960.0,46460.0,43360.0,0.012,0.009,0.011,0.008,0.002,0.076,0.012,0.004,3.974,0.001,1.0,996.0,6.0,2.0,4.0,486.15864315,486.6,149.0,486.15864315,Bacteroides,39271.203,0.097,25.531,7.008,-0.075,0.078,0.011,0.039,0.045,0.047,0.092,0.017,0.064,0.042,0.081,0.011,0.045,0.05,0.064,0.042,0.061,0.075,0.086,0.014,0.036
Run 3,A,7854.241,III,27440.0,Average,A-III-1,49970.0,16338.0,48370.0,44960.0,44960.0,44960.0,46460.0,43360.0,0.009,0.004,0.005,0.005,0.001,0.135,0.005,0.006,1.834,0.0,1.0,378.0,2.0,2.0,0.0,274.193280068,274.4,40.5,274.193280068,Bacteroides,39271.203,0.097,25.531,7.008,-0.075,0.078,0.011,0.039,0.045,0.047,0.092,0.017,0.064,0.042,0.081,0.011,0.045,0.05,0.064,0.042,0.061,0.075,0.086,0.014,0.036
Run 2,A,7854.241,IV,46450.0,Average,A-IV-1,49970.0,16338.0,48370.0,44960.0,44960.0,44960.0,46460.0,43360.0,0.063,0.012,0.006,0.029,0.009,0.001,0.001,0.005,2.408,0.001,1.0,616.0,10.0,3.0,6.0,464.07008596,464.5,148.0,464.07008596,Bacteroides,39271.203,0.097,25.531,7.008,-0.075,0.078,0.011,0.039,0.045,0.047,0.092,0.017,0.064,0.042,0.081,0.011,0.045,0.05,0.064,0.042,0.061,0.075,0.086,0.014,0.036
Run 2,A,7854.241,V,31940.0,Average,A-V-1,49970.0,16338.0,48370.0,44960.0,44960.0,44960.0,46460.0,43360.0,0.018,0.025,0.004,0.03,0.005,0.007,0.001,0.003,0.57,0.002,1.0,541.0,3.0,2.0,0.0,319.132076794,319.4,59.6,319.132076794,Bacteroides,39271.203,0.097,25.531,7.008,-0.075,0.078,0.011,0.039,0.045,0.047,0.092,0.017,0.064,0.042,0.081,0.011,0.045,0.05,0.064,0.042,0.061,0.075,0.086,0.014,0.036
Run 2,A,7854.241,VII,40440.0,Average,A-VII-1,49970.0,16338.0,48370.0,44960.0,44960.0,44960.0,46460.0,43360.0,0.269,0.055,0.069,0.04,0.019,0.009,0.011,0.045,0.483,0.006,1.0,767.0,6.0,1.0,4.0,404.13722174,404.4,84.9,404.13722174,Bacteroides,39271.203,0.097,25.531,7.008,-0.075,0.078,0.011,0.039,0.045,0.047,0.092,0.017,0.064,0.042,0.081,0.011,0.045,0.05,0.064,0.042,0.061,0.075,0.086,0.014,0.036
Run 3,A,7854.241,VIII,39222.0,Average,A-VIII-1,49970.0,16338.0,48370.0,44960.0,44960.0,44960.0,46460.0,43360.0,0.009,0.005,0.007,0.007,0.001,0.193,0.008,0.004,2.015,0.0,1.0,548.0,11.0,1.0,3.0,392.05711637,392.22,32.3,392.05711637,Bacteroides,39271.203,0.097,25.531,7.008,-0.075,0.078,0.011,0.039,0.045,0.047,0.092,0.017,0.064,0.042,0.081,0.011,0.045,0.05,0.064,0.042,0.061,0.075,0.086,0.014,0.036
Run 2,A,7854.241,IX,36940.0,Average,A-IX-1,49970.0,16338.0,48370.0,44960.0,44960.0,44960.0,46460.0,43360.0,2.79,0.235,0.507,0.075,0.111,0.014,0.082,0.459,0.32,0.096,1.0,503.0,6.0,0.0,5.0,369.12123733,369.4,90.6,369.12123733,Bacteroides,39271.203,0.097,25.531,7.008,-0.075,0.078,0.011,0.039,0.045,0.047,0.092,0.017,0.064,0.042,0.081,0.011,0.045,0.05,0.064,0.042,0.061,0.075,0.086,0.014,0.036
Run 2,A,7854.241,X,40250.0,Average,A-X-1,49970.0,16338.0,48370.0,44960.0,44960.0,44960.0,46460.0,43360.0,0.033,0.018,0.01,0.028,0.01,0.011,0.001,0.001,0.251,0.002,1.0,612.0,5.0,3.0,6.0,402.21547206,402.5,96.9,402.21547206,Bacteroides,39271.203,0.097,25.531,7.008,-0.075,0.078,0.011,0.039,0.045,0.047,0.092,0.017,0.064,0.042,0.081,0.011,0.045,0.05,0.064,0.042,0.061,0.075,0.086,0.014,0.036
Run 4,A,7854.241,XI,37740.0,Average,A-XI-1,49970.0,16338.0,48370.0,44960.0,44960.0,44960.0,46460.0,43360.0,0.097,0.05,0.173,0.068,0.013,0.068,0.044,0.064,2.845,0.008,1.0,573.0,4.0,1.0,5.0,377.16270821,377.4,64.6,377.16270821,Bacteroides,39271.203,0.097,25.531,7.008,-0.075,0.078,0.011,0.039,0.045,0.047,0.092,0.017,0.064,0.042,0.081,0.011,0.045,0.05,0.064,0.042,0.061,0.075,0.086,0.014,0.036
Run 4,A,7854.241,XII,32540.0,Average,A-XII-1,49970.0,16338.0,48370.0,44960.0,44960.0,44960.0,46460.0,43360.0,0.068,0.046,0.16,0.042,0.014,0.052,0.047,0.074,2.862,0.008,1.0,549.0,2.0,1.0,2.0,325.17902698,325.4,56.4,325.17902698,Bacteroides,39271.203,0.097,25.531,7.008,-0.075,0.078,0.011,0.039,0.045,0.047,0.092,0.017,0.064,0.042,0.081,0.011,0.045,0.05,0.064,0.042,0.061,0.075,0.086,0.014,0.036
Run 4,A,7854.241,XIII,47950.0,Average,A-XIII-1,49970.0,16338.0,48370.0,44960.0,44960.0,44960.0,46460.0,43360.0,0.098,0.088,0.176,0.041,0.026,0.126,0.054,0.069,3.639,0.012,1.0,947.0,6.0,0.0,5.0,479.14025869,479.5,102.0,479.14025869,Bacteroides,39271.203,0.097,25.531,7.008,-0.075,0.078,0.011,0.039,0.045,0.047,0.092,0.017,0.064,0.042,0.081,0.011,0.045,0.05,0.064,0.042,0.061,0.075,0.086,0.014,0.036
Run 5,A,7854.241,XIV,35940.0,Average,A-XIV-1,49970.0,16338.0,48370.0,44960.0,44960.0,44960.0,46460.0,43360.0,1.096,0.386,0.433,0.319,0.077,2.88,0.203,0.199,1.643,0.023,1.0,621.0,2.0,2.0,2.0,359.16337692,359.4,65.2,359.16337692,Bacteroides,39271.203,0.097,25.531,7.008,-0.075,0.078,0.011,0.039,0.045,0.047,0.092,0.017,0.064,0.042,0.081,0.011,0.045,0.05,0.064,0.042,0.061,0.075,0.086,0.014,0.036
Run 2,A,7854.241,XV,29430.0,Average,A-XV-1,49970.0,16338.0,48370.0,44960.0,44960.0,44960.0,46460.0,43360.0,1.223,0.105,0.293,0.07,0.038,0.016,0.046,0.261,0.36,0.029,1.0,422.0,3.0,1.0,4.0,294.125594432,294.3,46.5,294.125594432,Bacteroides,39271.203,0.097,25.531,7.008,-0.075,0.078,0.011,0.039,0.045,0.047,0.092,0.017,0.064,0.042,0.081,0.011,0.045,0.05,0.064,0.042,0.061,0.075,0.086,0.014,0.036
Run 5,A,7854.241,XVI,34640.0,Average,A-XVI-1,49970.0,16338.0,48370.0,44960.0,44960.0,44960.0,46460.0,43360.0,1.331,0.514,0.472,0.343,0.07,0.881,0.196,0.171,1.833,0.037,1.0,572.0,5.0,3.0,1.0,346.17802393,346.4,87.0,346.17802393,Bacteroides,39271.203,0.097,25.531,7.008,-0.075,0.078,0.011,0.039,0.045,0.047,0.092,0.017,0.064,0.042,0.081,0.011,0.045,0.05,0.064,0.042,0.061,0.075,0.086,0.014,0.036
Run 5,A,7854.241,XVII,34640.0,Average,A-XVII-1,49970.0,16338.0,48370.0,44960.0,44960.0,44960.0,46460.0,43360.0,0.393,0.262,0.276,0.087,0.078,1.416,0.108,0.118,2.323,0.032,1.0,572.0,5.0,3.0,1.0,346.17802393,346.4,87.0,346.17802393,Bacteroides,39271.203,0.097,25.531,7.008,-0.075,0.078,0.011,0.039,0.045,0.047,0.092,0.017,0.064,0.042,0.081,0.011,0.045,0.05,0.064,0.042,0.061,0.075,0.086,0.014,0.036
Run 5,A,7854.241,XVIII,33040.0,Average,A-XVIII-1,49970.0,16338.0,48370.0,44960.0,44960.0,44960.0,46460.0,43360.0,0.355,0.225,0.248,0.126,0.049,6.118,0.068,0.107,8.946,0.023,1.0,542.0,4.0,2.0,1.0,330.18310931,330.4,66.8,330.18310931,Bacteroides,39271.203,0.097,25.531,7.008,-0.075,0.078,0.011,0.039,0.045,0.047,0.092,0.017,0.064,0.042,0.081,0.011,0.045,0.05,0.064,0.042,0.061,0.075,0.086,0.014,0.036
Run 6,A,7854.241,XIX,34640.0,Average,A-XIX-1,49970.0,16338.0,48370.0,44960.0,44960.0,44960.0,46460.0,43360.0,0.298,0.07,0.077,0.064,0.024,0.512,0.049,0.074,3.508,0.011,1.0,572.0,5.0,3.0,1.0,346.17802393,346.4,87.0,346.17802393,Bacteroides,39271.203,0.097,25.531,7.008,-0.075,0.078,0.011,0.039,0.045,0.047,0.092,0.017,0.064,0.042,0.081,0.011,0.045,0.05,0.064,0.042,0.061,0.075,0.086,0.014,0.036
Run 6,A,7854.241,XX,37450.0,Average,A-XX-1,49970.0,16338.0,48370.0,44960.0,44960.0,44960.0,46460.0,43360.0,0.097,0.04,0.041,0.031,0.015,82.392,0.031,0.064,3.898,0.034,1.0,602.0,5.0,2.0,3.0,374.20932405,374.5,76.0,374.20932405,Bacteroides,39271.203,0.097,25.531,7.008,-0.075,0.078,0.011,0.039,0.045,0.047,0.092,0.017,0.064,0.042,0.081,0.011,0.045,0.05,0.064,0.042,0.061,0.075,0.086,0.014,0.036
Run 2,B,7915.466,NI,0.0,Average,B-NI-1,49970.0,16338.0,48370.0,44960.0,44960.0,44960.0,46460.0,43360.0,0.056,0.016,0.017,0.025,0.017,0.024,0.015,5.577,2.477,0.006,0.0,0.0,0.0,0.0,0.0,0,0,0.0,0,Bacteroides,39577.328,0.105,40.783,5.288,-0.124,0.086,0.006,0.039,0.055,0.047,0.083,0.008,0.072,0.033,0.078,0.017,0.047,0.064,0.05,0.044,0.072,0.078,0.064,0.014,0.044
Run 3,B,7915.466,NI,0.0,Average,B-NI-1,49970.0,16338.0,48370.0,44960.0,44960.0,44960.0,46460.0,43360.0,0.008,0.009,0.009,0.02,0.002,4.179,0.008,1.266,18.594,0.001,0.0,0.0,0.0,0.0,0.0,0,0,0.0,0,Bacteroides,39577.328,0.105,40.783,5.288,-0.124,0.086,0.006,0.039,0.055,0.047,0.083,0.008,0.072,0.033,0.078,0.017,0.047,0.064,0.05,0.044,0.072,0.078,0.064,0.014,0.044
Run 4,B,7915.466,NI,0.0,Average,B-NI-1,49970.0,16338.0,48370.0,44960.0,44960.0,44960.0,46460.0,43360.0,0.028,0.016,0.032,0.043,0.011,2.343,0.088,0.644,8.944,0.013,0.0,0.0,0.0,0.0,0.0,0,0,0.0,0,Bacteroides,39577.328,0.105,40.783,5.288,-0.124,0.086,0.006,0.039,0.055,0.047,0.083,0.008,0.072,0.033,0.078,0.017,0.047,0.064,0.05,0.044,0.072,0.078,0.064,0.014,0.044
Run 5,B,7915.466,NI,0.0,Average,B-NI-1,49970.0,16338.0,48370.0,44960.0,44960.0,44960.0,46460.0,43360.0,0.168,0.087,0.087,0.05,0.032,1.075,0.079,0.575,1.484,0.019,0.0,0.0,0.0,0.0,0.0,0,0,0.0,0,Bacteroides,39577.328,0.105,40.783,5.288,-0.124,0.086,0.006,0.039,0.055,0.047,0.083,0.008,0.072,0.033,0.078,0.017,0.047,0.064,0.05,0.044,0.072,0.078,0.064,0.014,0.044
Run 6,B,7915.466,NI,0.0,Average,B-NI-1,49970.0,16338.0,48370.0,44960.0,44960.0,44960.0,46460.0,43360.0,0.14,0.041,0.042,0.042,0.018,2.701,0.154,5.769,10.837,0.025,0.0,0.0,0.0,0.0,0.0,0,0,0.0,0,Bacteroides,39577.328,0.105,40.783,5.288,-0.124,0.086,0.006,0.039,0.055,0.047,0.083,0.008,0.072,0.033,0.078,0.017,0.047,0.064,0.05,0.044,0.072,0.078,0.064,0.014,0.044
Run 2,B,7915.466,R,37640.0,Average,B-R-1,49970.0,16338.0,48370.0,44960.0,44960.0,44960.0,46460.0,43360.0,0.018,0.017,0.007,0.243,0.009,0.121,0.732,7.832,2.017,0.001,1.0,680.0,7.0,5.0,5.0,376.13828437,376.4,155.0,376.13828437,Bacteroides,39577.328,0.105,40.783,5.288,-0.124,0.086,0.006,0.039,0.055,0.047,0.083,0.008,0.072,0.033,0.078,0.017,0.047,0.064,0.05,0.044,0.072,0.078,0.064,0.014,0.044
Run 2,B,7915.466,CAPE,28431.0,Average,B-CAPE-1,49970.0,16338.0,48370.0,44960.0,44960.0,44960.0,46460.0,43360.0,0.05,0.04,0.02,0.032,0.01,0.033,0.016,5.493,4.772,0.003,1.0,347.0,4.0,2.0,6.0,284.10485899,284.31,66.8,284.10485899,Bacteroides,39577.328,0.105,40.783,5.288,-0.124,0.086,0.006,0.039,0.055,0.047,0.083,0.008,0.072,0.033,0.078,0.017,0.047,0.064,0.05,0.044,0.072,0.078,0.064,0.014,0.044
Run 2,B,7915.466,CAC,33240.0,Average,B-CAC-1,49970.0,16338.0,48370.0,44960.0,44960.0,44960.0,46460.0,43360.0,0.018,0.014,0.008,0.022,0.006,0.008,0.008,3.936,3.992,0.002,1.0,500.0,4.0,3.0,2.0,332.19875937,332.4,77.8,332.19875937,Bacteroides,39577.328,0.105,40.783,5.288,-0.124,0.086,0.006,0.039,0.055,0.047,0.083,0.008,0.072,0.033,0.078,0.017,0.047,0.064,0.05,0.044,0.072,0.078,0.064,0.014,0.044
Run 3,B,7915.466,I,31940.0,Average,B-I-1,49970.0,16338.0,48370.0,44960.0,44960.0,44960.0,46460.0,43360.0,0.009,0.005,0.007,0.01,0.001,0.059,0.008,0.132,8.073,0.001,1.0,465.0,5.0,1.0,6.0,319.08782920,319.4,80.9,319.08782920,Bacteroides,39577.328,0.105,40.783,5.288,-0.124,0.086,0.006,0.039,0.055,0.047,0.083,0.008,0.072,0.033,0.078,0.017,0.047,0.064,0.05,0.044,0.072,0.078,0.064,0.014,0.044
Run 3,B,7915.466,II,48660.0,Average,B-II-1,49970.0,16338.0,48370.0,44960.0,44960.0,44960.0,46460.0,43360.0,0.005,0.005,0.005,0.011,0.001,2.313,0.009,0.407,7.371,0.001,1.0,996.0,6.0,2.0,4.0,486.15864315,486.6,149.0,486.15864315,Bacteroides,39577.328,0.105,40.783,5.288,-0.124,0.086,0.006,0.039,0.055,0.047,0.083,0.008,0.072,0.033,0.078,0.017,0.047,0.064,0.05,0.044,0.072,0.078,0.064,0.014,0.044
Run 3,B,7915.466,III,27440.0,Average,B-III-1,49970.0,16338.0,48370.0,44960.0,44960.0,44960.0,46460.0,43360.0,0.004,0.003,0.003,0.006,0.001,0.061,0.007,0.144,4.541,0.0,1.0,378.0,2.0,2.0,0.0,274.193280068,274.4,40.5,274.193280068,Bacteroides,39577.328,0.105,40.783,5.288,-0.124,0.086,0.006,0.039,0.055,0.047,0.083,0.008,0.072,0.033,0.078,0.017,0.047,0.064,0.05,0.044,0.072,0.078,0.064,0.014,0.044
Run 2,B,7915.466,IV,46450.0,Average,B-IV-1,49970.0,16338.0,48370.0,44960.0,44960.0,44960.0,46460.0,43360.0,0.038,0.01,0.007,0.024,0.005,87.043,0.011,3.314,1.752,0.009,1.0,616.0,10.0,3.0,6.0,464.07008596,464.5,148.0,464.07008596,Bacteroides,39577.328,0.105,40.783,5.288,-0.124,0.086,0.006,0.039,0.055,0.047,0.083,0.008,0.072,0.033,0.078,0.017,0.047,0.064,0.05,0.044,0.072,0.078,0.064,0.014,0.044
Run 2,B,7915.466,V,31940.0,Average,B-V-1,49970.0,16338.0,48370.0,44960.0,44960.0,44960.0,46460.0,43360.0,0.018,0.016,0.005,0.052,0.002,0.062,0.02,2.462,1.119,0.003,1.0,541.0,3.0,2.0,0.0,319.132076794,319.4,59.6,319.132076794,Bacteroides,39577.328,0.105,40.783,5.288,-0.124,0.086,0.006,0.039,0.055,0.047,0.083,0.008,0.072,0.033,0.078,0.017,0.047,0.064,0.05,0.044,0.072,0.078,0.064,0.014,0.044
Run 2,B,7915.466,VII,40440.0,Average,B-VII-1,49970.0,16338.0,48370.0,44960.0,44960.0,44960.0,46460.0,43360.0,0.191,0.05,0.095,0.072,0.01,0.084,0.042,1.485,0.807,0.006,1.0,767.0,6.0,1.0,4.0,404.13722174,404.4,84.9,404.13722174,Bacteroides,39577.328,0.105,40.783,5.288,-0.124,0.086,0.006,0.039,0.055,0.047,0.083,0.008,0.072,0.033,0.078,0.017,0.047,0.064,0.05,0.044,0.072,0.078,0.064,0.014,0.044
Run 3,B,7915.466,VIII,39222.0,Average,B-VIII-1,49970.0,16338.0,48370.0,44960.0,44960.0,44960.0,46460.0,43360.0,0.01,0.006,0.007,0.008,0.001,1.927,0.011,0.021,5.828,0.001,1.0,548.0,11.0,1.0,3.0,392.05711637,392.22,32.3,392.05711637,Bacteroides,39577.328,0.105,40.783,5.288,-0.124,0.086,0.006,0.039,0.055,0.047,0.083,0.008,0.072,0.033,0.078,0.017,0.047,0.064,0.05,0.044,0.072,0.078,0.064,0.014,0.044
Run 2,B,7915.466,IX,36940.0,Average,B-IX-1,49970.0,16338.0,48370.0,44960.0,44960.0,44960.0,46460.0,43360.0,0.348,0.034,0.079,0.041,0.034,0.022,0.087,0.673,0.494,0.034,1.0,503.0,6.0,0.0,5.0,369.12123733,369.4,90.6,369.12123733,Bacteroides,39577.328,0.105,40.783,5.288,-0.124,0.086,0.006,0.039,0.055,0.047,0.083,0.008,0.072,0.033,0.078,0.017,0.047,0.064,0.05,0.044,0.072,0.078,0.064,0.014,0.044
Run 2,B,7915.466,X,40250.0,Average,B-X-1,49970.0,16338.0,48370.0,44960.0,44960.0,44960.0,46460.0,43360.0,0.054,0.013,0.025,0.041,0.026,0.017,0.046,1.558,0.657,0.002,1.0,612.0,5.0,3.0,6.0,402.21547206,402.5,96.9,402.21547206,Bacteroides,39577.328,0.105,40.783,5.288,-0.124,0.086,0.006,0.039,0.055,0.047,0.083,0.008,0.072,0.033,0.078,0.017,0.047,0.064,0.05,0.044,0.072,0.078,0.064,0.014,0.044
Run 4,B,7915.466,XI,37740.0,Average,B-XI-1,49970.0,16338.0,48370.0,44960.0,44960.0,44960.0,46460.0,43360.0,0.058,0.029,0.058,0.054,0.01,3.177,0.048,0.489,8.068,0.009,1.0,573.0,4.0,1.0,5.0,377.16270821,377.4,64.6,377.16270821,Bacteroides,39577.328,0.105,40.783,5.288,-0.124,0.086,0.006,0.039,0.055,0.047,0.083,0.008,0.072,0.033,0.078,0.017,0.047,0.064,0.05,0.044,0.072,0.078,0.064,0.014,0.044
Run 4,B,7915.466,XII,32540.0,Average,B-XII-1,49970.0,16338.0,48370.0,44960.0,44960.0,44960.0,46460.0,43360.0,0.074,0.037,0.064,0.058,0.012,0.031,0.064,0.484,7.71,0.01,1.0,549.0,2.0,1.0,2.0,325.17902698,325.4,56.4,325.17902698,Bacteroides,39577.328,0.105,40.783,5.288,-0.124,0.086,0.006,0.039,0.055,0.047,0.083,0.008,0.072,0.033,0.078,0.017,0.047,0.064,0.05,0.044,0.072,0.078,0.064,0.014,0.044
Run 4,B,7915.466,XIII,47950.0,Average,B-XIII-1,49970.0,16338.0,48370.0,44960.0,44960.0,44960.0,46460.0,43360.0,0.029,0.022,0.064,0.032,0.012,0.107,0.057,0.474,8.946,0.009,1.0,947.0,6.0,0.0,5.0,479.14025869,479.5,102.0,479.14025869,Bacteroides,39577.328,0.105,40.783,5.288,-0.124,0.086,0.006,0.039,0.055,0.047,0.083,0.008,0.072,0.033,0.078,0.017,0.047,0.064,0.05,0.044,0.072,0.078,0.064,0.014,0.044
Run 5,B,7915.466,XIV,35940.0,Average,B-XIV-1,49970.0,16338.0,48370.0,44960.0,44960.0,44960.0,46460.0,43360.0,0.394,0.098,0.088,0.062,0.037,1.966,0.115,0.503,1.015,0.041,1.0,621.0,2.0,2.0,2.0,359.16337692,359.4,65.2,359.16337692,Bacteroides,39577.328,0.105,40.783,5.288,-0.124,0.086,0.006,0.039,0.055,0.047,0.083,0.008,0.072,0.033,0.078,0.017,0.047,0.064,0.05,0.044,0.072,0.078,0.064,0.014,0.044
Run 2,B,7915.466,XV,29430.0,Average,B-XV-1,49970.0,16338.0,48370.0,44960.0,44960.0,44960.0,46460.0,43360.0,0.037,0.024,0.006,0.016,0.01,0.011,0.025,1.544,0.84,0.001,1.0,422.0,3.0,1.0,4.0,294.125594432,294.3,46.5,294.125594432,Bacteroides,39577.328,0.105,40.783,5.288,-0.124,0.086,0.006,0.039,0.055,0.047,0.083,0.008,0.072,0.033,0.078,0.017,0.047,0.064,0.05,0.044,0.072,0.078,0.064,0.014,0.044
Run 5,B,7915.466,XVI,34640.0,Average,B-XVI-1,49970.0,16338.0,48370.0,44960.0,44960.0,44960.0,46460.0,43360.0,0.349,0.11,0.103,0.07,0.036,0.023,0.11,0.687,1.404,0.026,1.0,572.0,5.0,3.0,1.0,346.17802393,346.4,87.0,346.17802393,Bacteroides,39577.328,0.105,40.783,5.288,-0.124,0.086,0.006,0.039,0.055,0.047,0.083,0.008,0.072,0.033,0.078,0.017,0.047,0.064,0.05,0.044,0.072,0.078,0.064,0.014,0.044
Run 5,B,7915.466,XVII,34640.0,Average,B-XVII-1,49970.0,16338.0,48370.0,44960.0,44960.0,44960.0,46460.0,43360.0,0.366,0.112,0.074,0.045,0.051,6.223,0.086,0.51,0.919,0.028,1.0,572.0,5.0,3.0,1.0,346.17802393,346.4,87.0,346.17802393,Bacteroides,39577.328,0.105,40.783,5.288,-0.124,0.086,0.006,0.039,0.055,0.047,0.083,0.008,0.072,0.033,0.078,0.017,0.047,0.064,0.05,0.044,0.072,0.078,0.064,0.014,0.044
Run 5,B,7915.466,XVIII,33040.0,Average,B-XVIII-1,49970.0,16338.0,48370.0,44960.0,44960.0,44960.0,46460.0,43360.0,0.313,0.115,0.099,0.05,0.055,0.178,0.092,0.621,1.068,0.041,1.0,542.0,4.0,2.0,1.0,330.18310931,330.4,66.8,330.18310931,Bacteroides,39577.328,0.105,40.783,5.288,-0.124,0.086,0.006,0.039,0.055,0.047,0.083,0.008,0.072,0.033,0.078,0.017,0.047,0.064,0.05,0.044,0.072,0.078,0.064,0.014,0.044
Run 6,B,7915.466,XIX,34640.0,Average,B-XIX-1,49970.0,16338.0,48370.0,44960.0,44960.0,44960.0,46460.0,43360.0,0.179,0.056,0.037,0.06,0.019,0.707,0.186,8.171,11.946,0.013,1.0,572.0,5.0,3.0,1.0,346.17802393,346.4,87.0,346.17802393,Bacteroides,39577.328,0.105,40.783,5.288,-0.124,0.086,0.006,0.039,0.055,0.047,0.083,0.008,0.072,0.033,0.078,0.017,0.047,0.064,0.05,0.044,0.072,0.078,0.064,0.014,0.044
Run 6,B,7915.466,XX,37450.0,Average,B-XX-1,49970.0,16338.0,48370.0,44960.0,44960.0,44960.0,46460.0,43360.0,0.174,0.057,0.067,0.051,0.032,2.552,0.176,5.735,11.901,0.046,1.0,602.0,5.0,2.0,3.0,374.20932405,374.5,76.0,374.20932405,Bacteroides,39577.328,0.105,40.783,5.288,-0.124,0.086,0.006,0.039,0.055,0.047,0.083,0.008,0.072,0.033,0.078,0.017,0.047,0.064,0.05,0.044,0.072,0.078,0.064,0.014,0.044
Run 2,F,7377.03,NI,0.0,Average,F-NI-1,49970.0,16338.0,48370.0,44960.0,44960.0,44960.0,46460.0,43360.0,17.78,0.669,6.893,6.714,0.0,0.003,0.017,0.008,0.037,0.003,0.0,0.0,0.0,0.0,0.0,0,0,0.0,0,Bacillota,36885.149,0.123,46.115,4.795,-0.243,0.062,0.025,0.052,0.068,0.049,0.062,0.025,0.068,0.034,0.068,0.034,0.074,0.043,0.046,0.034,0.071,0.043,0.071,0.006,0.068
Run 3,F,7377.03,NI,0.0,Average,F-NI-1,49970.0,16338.0,48370.0,44960.0,44960.0,44960.0,46460.0,43360.0,0.015,0.006,0.008,0.009,0.001,0.149,0.007,0.01,0.005,0.001,0.0,0.0,0.0,0.0,0.0,0,0,0.0,0,Bacillota,36885.149,0.123,46.115,4.795,-0.243,0.062,0.025,0.052,0.068,0.049,0.062,0.025,0.068,0.034,0.068,0.034,0.074,0.043,0.046,0.034,0.071,0.043,0.071,0.006,0.068
Run 4,F,7377.03,NI,0.0,Average,F-NI-1,49970.0,16338.0,48370.0,44960.0,44960.0,44960.0,46460.0,43360.0,0.117,0.032,0.088,0.033,0.009,0.997,0.01,0.01,0.006,0.007,0.0,0.0,0.0,0.0,0.0,0,0,0.0,0,Bacillota,36885.149,0.123,46.115,4.795,-0.243,0.062,0.025,0.052,0.068,0.049,0.062,0.025,0.068,0.034,0.068,0.034,0.074,0.043,0.046,0.034,0.071,0.043,0.071,0.006,0.068
Run 5,F,7377.03,NI,0.0,Average,F-NI-1,49970.0,16338.0,48370.0,44960.0,44960.0,44960.0,46460.0,43360.0,1.457,0.382,0.28,0.111,0.086,1.385,0.124,0.083,0.052,0.036,0.0,0.0,0.0,0.0,0.0,0,0,0.0,0,Bacillota,36885.149,0.123,46.115,4.795,-0.243,0.062,0.025,0.052,0.068,0.049,0.062,0.025,0.068,0.034,0.068,0.034,0.074,0.043,0.046,0.034,0.071,0.043,0.071,0.006,0.068
Run 6,F,7377.03,NI,0.0,Average,F-NI-1,49970.0,16338.0,48370.0,44960.0,44960.0,44960.0,46460.0,43360.0,0.822,0.041,0.049,0.07,0.015,1.969,0.014,0.01,0.024,0.007,0.0,0.0,0.0,0.0,0.0,0,0,0.0,0,Bacillota,36885.149,0.123,46.115,4.795,-0.243,0.062,0.025,0.052,0.068,0.049,0.062,0.025,0.068,0.034,0.068,0.034,0.074,0.043,0.046,0.034,0.071,0.043,0.071,0.006,0.068
Run 2,F,7377.03,R,37640.0,Average,F-R-1,49970.0,16338.0,48370.0,44960.0,44960.0,44960.0,46460.0,43360.0,30.814,5.665,10.624,3.226,1.543,0.131,1.342,6.244,2.782,0.078,1.0,680.0,7.0,5.0,5.0,376.13828437,376.4,155.0,376.13828437,Bacillota,36885.149,0.123,46.115,4.795,-0.243,0.062,0.025,0.052,0.068,0.049,0.062,0.025,0.068,0.034,0.068,0.034,0.074,0.043,0.046,0.034,0.071,0.043,0.071,0.006,0.068
Run 2,F,7377.03,CAPE,28431.0,Average,F-CAPE-1,49970.0,16338.0,48370.0,44960.0,44960.0,44960.0,46460.0,43360.0,3.852,0.122,1.46,1.526,0.004,0.002,0.009,0.008,0.011,0.004,1.0,347.0,4.0,2.0,6.0,284.10485899,284.31,66.8,284.10485899,Bacillota,36885.149,0.123,46.115,4.795,-0.243,0.062,0.025,0.052,0.068,0.049,0.062,0.025,0.068,0.034,0.068,0.034,0.074,0.043,0.046,0.034,0.071,0.043,0.071,0.006,0.068
Run 2,F,7377.03,CAC,33240.0,Average,F-CAC-1,49970.0,16338.0,48370.0,44960.0,44960.0,44960.0,46460.0,43360.0,4.983,0.102,2.325,1.959,0.001,0.002,0.008,0.003,0.012,0.002,1.0,500.0,4.0,3.0,2.0,332.19875937,332.4,77.8,332.19875937,Bacillota,36885.149,0.123,46.115,4.795,-0.243,0.062,0.025,0.052,0.068,0.049,0.062,0.025,0.068,0.034,0.068,0.034,0.074,0.043,0.046,0.034,0.071,0.043,0.071,0.006,0.068
Run 3,F,7377.03,I,31940.0,Average,F-I-1,49970.0,16338.0,48370.0,44960.0,44960.0,44960.0,46460.0,43360.0,0.022,0.008,0.007,0.012,0.002,0.081,0.01,0.008,0.005,0.002,1.0,465.0,5.0,1.0,6.0,319.08782920,319.4,80.9,319.08782920,Bacillota,36885.149,0.123,46.115,4.795,-0.243,0.062,0.025,0.052,0.068,0.049,0.062,0.025,0.068,0.034,0.068,0.034,0.074,0.043,0.046,0.034,0.071,0.043,0.071,0.006,0.068
Run 3,F,7377.03,II,48660.0,Average,F-II-1,49970.0,16338.0,48370.0,44960.0,44960.0,44960.0,46460.0,43360.0,0.02,0.007,0.013,0.011,0.001,0.703,0.003,0.007,0.008,0.002,1.0,996.0,6.0,2.0,4.0,486.15864315,486.6,149.0,486.15864315,Bacillota,36885.149,0.123,46.115,4.795,-0.243,0.062,0.025,0.052,0.068,0.049,0.062,0.025,0.068,0.034,0.068,0.034,0.074,0.043,0.046,0.034,0.071,0.043,0.071,0.006,0.068
Run 3,F,7377.03,III,27440.0,Average,F-III-1,49970.0,16338.0,48370.0,44960.0,44960.0,44960.0,46460.0,43360.0,0.014,0.005,0.006,0.01,0.001,1.109,0.006,0.01,0.003,0.0,1.0,378.0,2.0,2.0,0.0,274.193280068,274.4,40.5,274.193280068,Bacillota,36885.149,0.123,46.115,4.795,-0.243,0.062,0.025,0.052,0.068,0.049,0.062,0.025,0.068,0.034,0.068,0.034,0.074,0.043,0.046,0.034,0.071,0.043,0.071,0.006,0.068
Run 2,F,7377.03,IV,46450.0,Average,F-IV-1,49970.0,16338.0,48370.0,44960.0,44960.0,44960.0,46460.0,43360.0,8.926,0.317,4.228,3.882,0.013,89.678,0.025,0.018,0.024,0.019,1.0,616.0,10.0,3.0,6.0,464.07008596,464.5,148.0,464.07008596,Bacillota,36885.149,0.123,46.115,4.795,-0.243,0.062,0.025,0.052,0.068,0.049,0.062,0.025,0.068,0.034,0.068,0.034,0.074,0.043,0.046,0.034,0.071,0.043,0.071,0.006,0.068
Run 2,F,7377.03,V,31940.0,Average,F-V-1,49970.0,16338.0,48370.0,44960.0,44960.0,44960.0,46460.0,43360.0,4.359,0.077,1.11,0.493,0.004,0.027,0.008,0.006,0.008,0.005,1.0,541.0,3.0,2.0,0.0,319.132076794,319.4,59.6,319.132076794,Bacillota,36885.149,0.123,46.115,4.795,-0.243,0.062,0.025,0.052,0.068,0.049,0.062,0.025,0.068,0.034,0.068,0.034,0.074,0.043,0.046,0.034,0.071,0.043,0.071,0.006,0.068
Run 2,F,7377.03,VII,40440.0,Average,F-VII-1,49970.0,16338.0,48370.0,44960.0,44960.0,44960.0,46460.0,43360.0,20.458,0.475,4.24,0.811,0.013,0.013,0.017,0.043,0.029,0.007,1.0,767.0,6.0,1.0,4.0,404.13722174,404.4,84.9,404.13722174,Bacillota,36885.149,0.123,46.115,4.795,-0.243,0.062,0.025,0.052,0.068,0.049,0.062,0.025,0.068,0.034,0.068,0.034,0.074,0.043,0.046,0.034,0.071,0.043,0.071,0.006,0.068
Run 3,F,7377.03,VIII,39222.0,Average,F-VIII-1,49970.0,16338.0,48370.0,44960.0,44960.0,44960.0,46460.0,43360.0,0.009,0.005,0.004,0.005,0.001,0.188,0.006,0.005,0.003,0.001,1.0,548.0,11.0,1.0,3.0,392.05711637,392.22,32.3,392.05711637,Bacillota,36885.149,0.123,46.115,4.795,-0.243,0.062,0.025,0.052,0.068,0.049,0.062,0.025,0.068,0.034,0.068,0.034,0.074,0.043,0.046,0.034,0.071,0.043,0.071,0.006,0.068
Run 2,F,7377.03,IX,36940.0,Average,F-IX-1,49970.0,16338.0,48370.0,44960.0,44960.0,44960.0,46460.0,43360.0,6.647,0.091,1.215,0.29,0.01,0.01,0.006,0.012,0.003,0.006,1.0,503.0,6.0,0.0,5.0,369.12123733,369.4,90.6,369.12123733,Bacillota,36885.149,0.123,46.115,4.795,-0.243,0.062,0.025,0.052,0.068,0.049,0.062,0.025,0.068,0.034,0.068,0.034,0.074,0.043,0.046,0.034,0.071,0.043,0.071,0.006,0.068
Run 2,F,7377.03,X,40250.0,Average,F-X-1,49970.0,16338.0,48370.0,44960.0,44960.0,44960.0,46460.0,43360.0,4.638,0.115,0.846,0.279,0.016,0.009,0.012,0.036,0.009,0.007,1.0,612.0,5.0,3.0,6.0,402.21547206,402.5,96.9,402.21547206,Bacillota,36885.149,0.123,46.115,4.795,-0.243,0.062,0.025,0.052,0.068,0.049,0.062,0.025,0.068,0.034,0.068,0.034,0.074,0.043,0.046,0.034,0.071,0.043,0.071,0.006,0.068
Run 4,F,7377.03,XI,37740.0,Average,F-XI-1,49970.0,16338.0,48370.0,44960.0,44960.0,44960.0,46460.0,43360.0,0.397,0.157,0.219,0.128,0.012,0.961,0.024,0.024,0.047,0.008,1.0,573.0,4.0,1.0,5.0,377.16270821,377.4,64.6,377.16270821,Bacillota,36885.149,0.123,46.115,4.795,-0.243,0.062,0.025,0.052,0.068,0.049,0.062,0.025,0.068,0.034,0.068,0.034,0.074,0.043,0.046,0.034,0.071,0.043,0.071,0.006,0.068
Run 4,F,7377.03,XII,32540.0,Average,F-XII-1,49970.0,16338.0,48370.0,44960.0,44960.0,44960.0,46460.0,43360.0,0.075,0.042,0.065,0.017,0.007,0.1,0.006,0.008,0.005,0.005,1.0,549.0,2.0,1.0,2.0,325.17902698,325.4,56.4,325.17902698,Bacillota,36885.149,0.123,46.115,4.795,-0.243,0.062,0.025,0.052,0.068,0.049,0.062,0.025,0.068,0.034,0.068,0.034,0.074,0.043,0.046,0.034,0.071,0.043,0.071,0.006,0.068
Run 4,F,7377.03,XIII,47950.0,Average,F-XIII-1,49970.0,16338.0,48370.0,44960.0,44960.0,44960.0,46460.0,43360.0,0.115,0.051,0.095,0.021,0.012,0.072,0.01,0.009,0.009,0.005,1.0,947.0,6.0,0.0,5.0,479.14025869,479.5,102.0,479.14025869,Bacillota,36885.149,0.123,46.115,4.795,-0.243,0.062,0.025,0.052,0.068,0.049,0.062,0.025,0.068,0.034,0.068,0.034,0.074,0.043,0.046,0.034,0.071,0.043,0.071,0.006,0.068
Run 5,F,7377.03,XIV,35940.0,Average,F-XIV-1,49970.0,16338.0,48370.0,44960.0,44960.0,44960.0,46460.0,43360.0,2.309,0.625,0.471,0.231,0.13,10.353,0.159,0.119,0.072,0.047,1.0,621.0,2.0,2.0,2.0,359.16337692,359.4,65.2,359.16337692,Bacillota,36885.149,0.123,46.115,4.795,-0.243,0.062,0.025,0.052,0.068,0.049,0.062,0.025,0.068,0.034,0.068,0.034,0.074,0.043,0.046,0.034,0.071,0.043,0.071,0.006,0.068
Run 2,F,7377.03,XV,29430.0,Average,F-XV-1,49970.0,16338.0,48370.0,44960.0,44960.0,44960.0,46460.0,43360.0,4.531,0.061,1.147,0.286,0.025,0.009,0.007,0.001,0.004,0.001,1.0,422.0,3.0,1.0,4.0,294.125594432,294.3,46.5,294.125594432,Bacillota,36885.149,0.123,46.115,4.795,-0.243,0.062,0.025,0.052,0.068,0.049,0.062,0.025,0.068,0.034,0.068,0.034,0.074,0.043,0.046,0.034,0.071,0.043,0.071,0.006,0.068
Run 5,F,7377.03,XVI,34640.0,Average,F-XVI-1,49970.0,16338.0,48370.0,44960.0,44960.0,44960.0,46460.0,43360.0,1.795,0.336,0.384,0.115,0.085,9.744,0.095,0.095,0.034,0.032,1.0,572.0,5.0,3.0,1.0,346.17802393,346.4,87.0,346.17802393,Bacillota,36885.149,0.123,46.115,4.795,-0.243,0.062,0.025,0.052,0.068,0.049,0.062,0.025,0.068,0.034,0.068,0.034,0.074,0.043,0.046,0.034,0.071,0.043,0.071,0.006,0.068
Run 5,F,7377.03,XVII,34640.0,Average,F-XVII-1,49970.0,16338.0,48370.0,44960.0,44960.0,44960.0,46460.0,43360.0,2.363,0.42,0.435,0.125,0.093,1.785,0.111,0.149,0.045,0.019,1.0,572.0,5.0,3.0,1.0,346.17802393,346.4,87.0,346.17802393,Bacillota,36885.149,0.123,46.115,4.795,-0.243,0.062,0.025,0.052,0.068,0.049,0.062,0.025,0.068,0.034,0.068,0.034,0.074,0.043,0.046,0.034,0.071,0.043,0.071,0.006,0.068
Run 5,F,7377.03,XVIII,33040.0,Average,F-XVIII-1,49970.0,16338.0,48370.0,44960.0,44960.0,44960.0,46460.0,43360.0,2.121,0.285,0.372,0.141,0.102,1.455,0.047,0.044,0.035,0.015,1.0,542.0,4.0,2.0,1.0,330.18310931,330.4,66.8,330.18310931,Bacillota,36885.149,0.123,46.115,4.795,-0.243,0.062,0.025,0.052,0.068,0.049,0.062,0.025,0.068,0.034,0.068,0.034,0.074,0.043,0.046,0.034,0.071,0.043,0.071,0.006,0.068
Run 6,F,7377.03,XIX,34640.0,Average,F-XIX-1,49970.0,16338.0,48370.0,44960.0,44960.0,44960.0,46460.0,43360.0,2.664,0.057,0.074,0.076,0.016,0.45,0.012,0.01,0.024,0.007,1.0,572.0,5.0,3.0,1.0,346.17802393,346.4,87.0,346.17802393,Bacillota,36885.149,0.123,46.115,4.795,-0.243,0.062,0.025,0.052,0.068,0.049,0.062,0.025,0.068,0.034,0.068,0.034,0.074,0.043,0.046,0.034,0.071,0.043,0.071,0.006,0.068
Run 6,F,7377.03,XX,37450.0,Average,F-XX-1,49970.0,16338.0,48370.0,44960.0,44960.0,44960.0,46460.0,43360.0,1.559,0.117,0.131,0.113,0.064,6.974,0.05,0.037,0.042,0.017,1.0,602.0,5.0,2.0,3.0,374.20932405,374.5,76.0,374.20932405,Bacillota,36885.149,0.123,46.115,4.795,-0.243,0.062,0.025,0.052,0.068,0.049,0.062,0.025,0.068,0.034,0.068,0.034,0.074,0.043,0.046,0.034,0.071,0.043,0.071,0.006,0.068
Run 2,1011c,7277.03,NI,0.0,Average,1011c-NI-1,49970.0,16338.0,48370.0,44960.0,44960.0,44960.0,46460.0,43360.0,1.602,0.137,0.007,0.342,0.003,0.003,0.001,0.001,0.006,0.002,0.0,0.0,0.0,0.0,0.0,0,0,0.0,0,Lactobacillus johnsonii,36385.15,0.105,31.467,4.623,-0.348,0.049,0.012,0.077,0.062,0.049,0.055,0.028,0.055,0.055,0.089,0.018,0.086,0.046,0.025,0.015,0.071,0.08,0.071,0.003,0.052
Run 3,1011c,7277.03,NI,0.0,Average,1011c-NI-1,49970.0,16338.0,48370.0,44960.0,44960.0,44960.0,46460.0,43360.0,0.01,0.005,0.005,0.005,0.001,0.178,0.004,0.006,0.002,0.001,0.0,0.0,0.0,0.0,0.0,0,0,0.0,0,Lactobacillus johnsonii,36385.15,0.105,31.467,4.623,-0.348,0.049,0.012,0.077,0.062,0.049,0.055,0.028,0.055,0.055,0.089,0.018,0.086,0.046,0.025,0.015,0.071,0.08,0.071,0.003,0.052
Run 4,1011c,7277.03,NI,0.0,Average,1011c-NI-1,49970.0,16338.0,48370.0,44960.0,44960.0,44960.0,46460.0,43360.0,0.218,0.15,0.135,0.066,0.016,0.072,0.02,0.02,0.016,0.007,0.0,0.0,0.0,0.0,0.0,0,0,0.0,0,Lactobacillus johnsonii,36385.15,0.105,31.467,4.623,-0.348,0.049,0.012,0.077,0.062,0.049,0.055,0.028,0.055,0.055,0.089,0.018,0.086,0.046,0.025,0.015,0.071,0.08,0.071,0.003,0.052
Run 5,1011c,7277.03,NI,0.0,Average,1011c-NI-1,49970.0,16338.0,48370.0,44960.0,44960.0,44960.0,46460.0,43360.0,0.524,0.239,0.199,0.065,0.072,6.435,0.071,0.046,0.018,0.017,0.0,0.0,0.0,0.0,0.0,0,0,0.0,0,Lactobacillus johnsonii,36385.15,0.105,31.467,4.623,-0.348,0.049,0.012,0.077,0.062,0.049,0.055,0.028,0.055,0.055,0.089,0.018,0.086,0.046,0.025,0.015,0.071,0.08,0.071,0.003,0.052
Run 6,1011c,7277.03,NI,0.0,Average,1011c-NI-1,49970.0,16338.0,48370.0,44960.0,44960.0,44960.0,46460.0,43360.0,0.452,0.091,0.082,0.056,0.029,1.208,0.023,0.013,0.01,0.039,0.0,0.0,0.0,0.0,0.0,0,0,0.0,0,Lactobacillus johnsonii,36385.15,0.105,31.467,4.623,-0.348,0.049,0.012,0.077,0.062,0.049,0.055,0.028,0.055,0.055,0.089,0.018,0.086,0.046,0.025,0.015,0.071,0.08,0.071,0.003,0.052
Run 2,1011c,7277.03,R,37640.0,Average,1011c-R-1,49970.0,16338.0,48370.0,44960.0,44960.0,44960.0,46460.0,43360.0,26.823,1.658,2.908,2.256,0.013,0.008,0.018,0.004,0.007,0.002,1.0,680.0,7.0,5.0,5.0,376.13828437,376.4,155.0,376.13828437,Lactobacillus johnsonii,36385.15,0.105,31.467,4.623,-0.348,0.049,0.012,0.077,0.062,0.049,0.055,0.028,0.055,0.055,0.089,0.018,0.086,0.046,0.025,0.015,0.071,0.08,0.071,0.003,0.052
Run 2,1011c,7277.03,CAPE,28431.0,Average,1011c-CAPE-1,49970.0,16338.0,48370.0,44960.0,44960.0,44960.0,46460.0,43360.0,9.363,0.98,0.933,2.724,0.005,0.001,0.005,0.004,0.013,0.002,1.0,347.0,4.0,2.0,6.0,284.10485899,284.31,66.8,284.10485899,Lactobacillus johnsonii,36385.15,0.105,31.467,4.623,-0.348,0.049,0.012,0.077,0.062,0.049,0.055,0.028,0.055,0.055,0.089,0.018,0.086,0.046,0.025,0.015,0.071,0.08,0.071,0.003,0.052
Run 2,1011c,7277.03,CAC,33240.0,Average,1011c-CAC-1,49970.0,16338.0,48370.0,44960.0,44960.0,44960.0,46460.0,43360.0,3.589,0.211,0.009,0.63,0.01,0.003,0.001,0.004,0.01,0.002,1.0,500.0,4.0,3.0,2.0,332.19875937,332.4,77.8,332.19875937,Lactobacillus johnsonii,36385.15,0.105,31.467,4.623,-0.348,0.049,0.012,0.077,0.062,0.049,0.055,0.028,0.055,0.055,0.089,0.018,0.086,0.046,0.025,0.015,0.071,0.08,0.071,0.003,0.052
Run 3,1011c,7277.03,I,31940.0,Average,1011c-I-1,49970.0,16338.0,48370.0,44960.0,44960.0,44960.0,46460.0,43360.0,0.01,0.006,0.007,0.006,0.001,0.167,0.004,0.007,0.002,0.001,1.0,465.0,5.0,1.0,6.0,319.08782920,319.4,80.9,319.08782920,Lactobacillus johnsonii,36385.15,0.105,31.467,4.623,-0.348,0.049,0.012,0.077,0.062,0.049,0.055,0.028,0.055,0.055,0.089,0.018,0.086,0.046,0.025,0.015,0.071,0.08,0.071,0.003,0.052
Run 3,1011c,7277.03,II,48660.0,Average,1011c-II-1,49970.0,16338.0,48370.0,44960.0,44960.0,44960.0,46460.0,43360.0,0.012,0.027,0.009,0.009,0.001,0.306,0.004,0.014,0.003,0.002,1.0,996.0,6.0,2.0,4.0,486.15864315,486.6,149.0,486.15864315,Lactobacillus johnsonii,36385.15,0.105,31.467,4.623,-0.348,0.049,0.012,0.077,0.062,0.049,0.055,0.028,0.055,0.055,0.089,0.018,0.086,0.046,0.025,0.015,0.071,0.08,0.071,0.003,0.052
Run 3,1011c,7277.03,III,27440.0,Average,1011c-III-1,49970.0,16338.0,48370.0,44960.0,44960.0,44960.0,46460.0,43360.0,0.005,0.003,0.002,0.003,0.001,0.041,0.004,0.003,0.001,0.0,1.0,378.0,2.0,2.0,0.0,274.193280068,274.4,40.5,274.193280068,Lactobacillus johnsonii,36385.15,0.105,31.467,4.623,-0.348,0.049,0.012,0.077,0.062,0.049,0.055,0.028,0.055,0.055,0.089,0.018,0.086,0.046,0.025,0.015,0.071,0.08,0.071,0.003,0.052
Run 2,1011c,7277.03,IV,46450.0,Average,1011c-IV-1,49970.0,16338.0,48370.0,44960.0,44960.0,44960.0,46460.0,43360.0,1.619,0.121,0.007,0.41,0.003,0.008,0.001,0.001,0.009,0.0,1.0,616.0,10.0,3.0,6.0,464.07008596,464.5,148.0,464.07008596,Lactobacillus johnsonii,36385.15,0.105,31.467,4.623,-0.348,0.049,0.012,0.077,0.062,0.049,0.055,0.028,0.055,0.055,0.089,0.018,0.086,0.046,0.025,0.015,0.071,0.08,0.071,0.003,0.052
Run 2,1011c,7277.03,V,31940.0,Average,1011c-V-1,49970.0,16338.0,48370.0,44960.0,44960.0,44960.0,46460.0,43360.0,2.493,0.08,0.015,0.076,0.008,0.008,0.001,0.002,0.007,0.0,1.0,541.0,3.0,2.0,0.0,319.132076794,319.4,59.6,319.132076794,Lactobacillus johnsonii,36385.15,0.105,31.467,4.623,-0.348,0.049,0.012,0.077,0.062,0.049,0.055,0.028,0.055,0.055,0.089,0.018,0.086,0.046,0.025,0.015,0.071,0.08,0.071,0.003,0.052
Run 2,1011c,7277.03,VII,40440.0,Average,1011c-VII-1,49970.0,16338.0,48370.0,44960.0,44960.0,44960.0,46460.0,43360.0,2.644,0.122,0.037,0.104,0.016,0.004,0.009,0.019,0.006,0.006,1.0,767.0,6.0,1.0,4.0,404.13722174,404.4,84.9,404.13722174,Lactobacillus johnsonii,36385.15,0.105,31.467,4.623,-0.348,0.049,0.012,0.077,0.062,0.049,0.055,0.028,0.055,0.055,0.089,0.018,0.086,0.046,0.025,0.015,0.071,0.08,0.071,0.003,0.052
Run 3,1011c,7277.03,VIII,39222.0,Average,1011c-VIII-1,49970.0,16338.0,48370.0,44960.0,44960.0,44960.0,46460.0,43360.0,0.006,0.003,0.008,0.005,0.001,2.762,0.005,0.005,0.002,0.001,1.0,548.0,11.0,1.0,3.0,392.05711637,392.22,32.3,392.05711637,Lactobacillus johnsonii,36385.15,0.105,31.467,4.623,-0.348,0.049,0.012,0.077,0.062,0.049,0.055,0.028,0.055,0.055,0.089,0.018,0.086,0.046,0.025,0.015,0.071,0.08,0.071,0.003,0.052
Run 2,1011c,7277.03,IX,36940.0,Average,1011c-IX-1,49970.0,16338.0,48370.0,44960.0,44960.0,44960.0,46460.0,43360.0,2.774,0.25,0.25,0.073,0.073,0.022,0.018,0.064,0.03,0.007,1.0,503.0,6.0,0.0,5.0,369.12123733,369.4,90.6,369.12123733,Lactobacillus johnsonii,36385.15,0.105,31.467,4.623,-0.348,0.049,0.012,0.077,0.062,0.049,0.055,0.028,0.055,0.055,0.089,0.018,0.086,0.046,0.025,0.015,0.071,0.08,0.071,0.003,0.052
Run 2,1011c,7277.03,X,40250.0,Average,1011c-X-1,49970.0,16338.0,48370.0,44960.0,44960.0,44960.0,46460.0,43360.0,1.052,0.091,0.004,0.016,0.019,0.006,0.0,0.003,0.002,0.001,1.0,612.0,5.0,3.0,6.0,402.21547206,402.5,96.9,402.21547206,Lactobacillus johnsonii,36385.15,0.105,31.467,4.623,-0.348,0.049,0.012,0.077,0.062,0.049,0.055,0.028,0.055,0.055,0.089,0.018,0.086,0.046,0.025,0.015,0.071,0.08,0.071,0.003,0.052
Run 4,1011c,7277.03,XI,37740.0,Average,1011c-XI-1,49970.0,16338.0,48370.0,44960.0,44960.0,44960.0,46460.0,43360.0,0.226,0.135,0.14,0.056,0.017,0.504,0.024,0.025,0.023,0.007,1.0,573.0,4.0,1.0,5.0,377.16270821,377.4,64.6,377.16270821,Lactobacillus johnsonii,36385.15,0.105,31.467,4.623,-0.348,0.049,0.012,0.077,0.062,0.049,0.055,0.028,0.055,0.055,0.089,0.018,0.086,0.046,0.025,0.015,0.071,0.08,0.071,0.003,0.052
Run 4,1011c,7277.03,XII,32540.0,Average,1011c-XII-1,49970.0,16338.0,48370.0,44960.0,44960.0,44960.0,46460.0,43360.0,0.139,0.127,0.129,0.039,0.013,0.012,0.013,0.012,0.009,0.007,1.0,549.0,2.0,1.0,2.0,325.17902698,325.4,56.4,325.17902698,Lactobacillus johnsonii,36385.15,0.105,31.467,4.623,-0.348,0.049,0.012,0.077,0.062,0.049,0.055,0.028,0.055,0.055,0.089,0.018,0.086,0.046,0.025,0.015,0.071,0.08,0.071,0.003,0.052
Run 4,1011c,7277.03,XIII,47950.0,Average,1011c-XIII-1,49970.0,16338.0,48370.0,44960.0,44960.0,44960.0,46460.0,43360.0,0.135,0.108,0.128,0.033,0.015,1.737,0.014,0.013,0.006,0.006,1.0,947.0,6.0,0.0,5.0,479.14025869,479.5,102.0,479.14025869,Lactobacillus johnsonii,36385.15,0.105,31.467,4.623,-0.348,0.049,0.012,0.077,0.062,0.049,0.055,0.028,0.055,0.055,0.089,0.018,0.086,0.046,0.025,0.015,0.071,0.08,0.071,0.003,0.052
Run 5,1011c,7277.03,XIV,35940.0,Average,1011c-XIV-1,49970.0,16338.0,48370.0,44960.0,44960.0,44960.0,46460.0,43360.0,0.564,0.274,0.201,0.052,0.104,0.943,0.07,0.031,0.016,0.028,1.0,621.0,2.0,2.0,2.0,359.16337692,359.4,65.2,359.16337692,Lactobacillus johnsonii,36385.15,0.105,31.467,4.623,-0.348,0.049,0.012,0.077,0.062,0.049,0.055,0.028,0.055,0.055,0.089,0.018,0.086,0.046,0.025,0.015,0.071,0.08,0.071,0.003,0.052
Run 2,1011c,7277.03,XV,29430.0,Average,1011c-XV-1,49970.0,16338.0,48370.0,44960.0,44960.0,44960.0,46460.0,43360.0,0.862,0.063,0.007,0.027,0.001,0.01,0.002,0.007,0.003,0.0,1.0,422.0,3.0,1.0,4.0,294.125594432,294.3,46.5,294.125594432,Lactobacillus johnsonii,36385.15,0.105,31.467,4.623,-0.348,0.049,0.012,0.077,0.062,0.049,0.055,0.028,0.055,0.055,0.089,0.018,0.086,0.046,0.025,0.015,0.071,0.08,0.071,0.003,0.052
Run 5,1011c,7277.03,XVI,34640.0,Average,1011c-XVI-1,49970.0,16338.0,48370.0,44960.0,44960.0,44960.0,46460.0,43360.0,0.714,0.248,0.187,0.083,0.079,2.037,0.072,0.054,0.017,0.021,1.0,572.0,5.0,3.0,1.0,346.17802393,346.4,87.0,346.17802393,Lactobacillus johnsonii,36385.15,0.105,31.467,4.623,-0.348,0.049,0.012,0.077,0.062,0.049,0.055,0.028,0.055,0.055,0.089,0.018,0.086,0.046,0.025,0.015,0.071,0.08,0.071,0.003,0.052
Run 5,1011c,7277.03,XVII,34640.0,Average,1011c-XVII-1,49970.0,16338.0,48370.0,44960.0,44960.0,44960.0,46460.0,43360.0,0.505,0.24,0.255,0.077,0.081,0.247,0.056,0.046,0.014,0.012,1.0,572.0,5.0,3.0,1.0,346.17802393,346.4,87.0,346.17802393,Lactobacillus johnsonii,36385.15,0.105,31.467,4.623,-0.348,0.049,0.012,0.077,0.062,0.049,0.055,0.028,0.055,0.055,0.089,0.018,0.086,0.046,0.025,0.015,0.071,0.08,0.071,0.003,0.052
Run 5,1011c,7277.03,XVIII,33040.0,Average,1011c-XVIII-1,49970.0,16338.0,48370.0,44960.0,44960.0,44960.0,46460.0,43360.0,0.657,0.281,0.261,0.108,0.073,0.01,0.04,0.041,0.016,0.025,1.0,542.0,4.0,2.0,1.0,330.18310931,330.4,66.8,330.18310931,Lactobacillus johnsonii,36385.15,0.105,31.467,4.623,-0.348,0.049,0.012,0.077,0.062,0.049,0.055,0.028,0.055,0.055,0.089,0.018,0.086,0.046,0.025,0.015,0.071,0.08,0.071,0.003,0.052
Run 6,1011c,7277.03,XIX,34640.0,Average,1011c-XIX-1,49970.0,16338.0,48370.0,44960.0,44960.0,44960.0,46460.0,43360.0,1.119,0.12,0.088,0.107,0.015,0.392,0.018,0.018,0.014,0.009,1.0,572.0,5.0,3.0,1.0,346.17802393,346.4,87.0,346.17802393,Lactobacillus johnsonii,36385.15,0.105,31.467,4.623,-0.348,0.049,0.012,0.077,0.062,0.049,0.055,0.028,0.055,0.055,0.089,0.018,0.086,0.046,0.025,0.015,0.071,0.08,0.071,0.003,0.052
Run 6,1011c,7277.03,XX,37450.0,Average,1011c-XX-1,49970.0,16338.0,48370.0,44960.0,44960.0,44960.0,46460.0,43360.0,0.407,0.076,0.059,0.033,0.013,1.665,0.005,0.005,0.005,0.005,1.0,602.0,5.0,2.0,3.0,374.20932405,374.5,76.0,374.20932405,Lactobacillus johnsonii,36385.15,0.105,31.467,4.623,-0.348,0.049,0.012,0.077,0.062,0.049,0.055,0.028,0.055,0.055,0.089,0.018,0.086,0.046,0.025,0.015,0.071,0.08,0.071,0.003,0.052
Run 2,T2,7346.526,NI,0.0,Average,T2-NI-1,49970.0,16338.0,48370.0,44960.0,44960.0,44960.0,46460.0,43360.0,0.019,0.004,0.004,0.006,0.001,0.015,0.0,0.001,0.003,0.001,0.0,0.0,0.0,0.0,0.0,0,0,0.0,0,Streptococcus,36732.63,0.123,32.537,4.791,-0.4,0.055,0.018,0.074,0.055,0.046,0.052,0.018,0.037,0.065,0.086,0.022,0.077,0.037,0.037,0.018,0.083,0.065,0.077,0.009,0.068
Run 3,T2,7346.526,NI,0.0,Average,T2-NI-1,49970.0,16338.0,48370.0,44960.0,44960.0,44960.0,46460.0,43360.0,0.052,0.011,0.009,0.011,0.001,0.271,0.02,0.013,0.01,0.01,0.0,0.0,0.0,0.0,0.0,0,0,0.0,0,Streptococcus,36732.63,0.123,32.537,4.791,-0.4,0.055,0.018,0.074,0.055,0.046,0.052,0.018,0.037,0.065,0.086,0.022,0.077,0.037,0.037,0.018,0.083,0.065,0.077,0.009,0.068
Run 4,T2,7346.526,NI,0.0,Average,T2-NI-1,49970.0,16338.0,48370.0,44960.0,44960.0,44960.0,46460.0,43360.0,0.298,0.043,0.03,0.028,0.011,0.19,0.02,0.015,0.015,0.007,0.0,0.0,0.0,0.0,0.0,0,0,0.0,0,Streptococcus,36732.63,0.123,32.537,4.791,-0.4,0.055,0.018,0.074,0.055,0.046,0.052,0.018,0.037,0.065,0.086,0.022,0.077,0.037,0.037,0.018,0.083,0.065,0.077,0.009,0.068
Run 5,T2,7346.526,NI,0.0,Average,T2-NI-1,49970.0,16338.0,48370.0,44960.0,44960.0,44960.0,46460.0,43360.0,3.096,0.567,0.43,0.346,0.059,1.493,0.141,0.084,0.111,0.029,0.0,0.0,0.0,0.0,0.0,0,0,0.0,0,Streptococcus,36732.63,0.123,32.537,4.791,-0.4,0.055,0.018,0.074,0.055,0.046,0.052,0.018,0.037,0.065,0.086,0.022,0.077,0.037,0.037,0.018,0.083,0.065,0.077,0.009,0.068
Run 6,T2,7346.526,NI,0.0,Average,T2-NI-1,49970.0,16338.0,48370.0,44960.0,44960.0,44960.0,46460.0,43360.0,1.786,0.041,0.027,0.044,0.016,0.746,0.012,0.009,0.019,0.01,0.0,0.0,0.0,0.0,0.0,0,0,0.0,0,Streptococcus,36732.63,0.123,32.537,4.791,-0.4,0.055,0.018,0.074,0.055,0.046,0.052,0.018,0.037,0.065,0.086,0.022,0.077,0.037,0.037,0.018,0.083,0.065,0.077,0.009,0.068
Run 2,T2,7346.526,R,37640.0,Average,T2-R-1,49970.0,16338.0,48370.0,44960.0,44960.0,44960.0,46460.0,43360.0,29.07,2.141,0.775,2.228,0.011,0.028,0.027,0.003,0.114,0.003,1.0,680.0,7.0,5.0,5.0,376.13828437,376.4,155.0,376.13828437,Streptococcus,36732.63,0.123,32.537,4.791,-0.4,0.055,0.018,0.074,0.055,0.046,0.052,0.018,0.037,0.065,0.086,0.022,0.077,0.037,0.037,0.018,0.083,0.065,0.077,0.009,0.068
Run 2,T2,7346.526,CAPE,28431.0,Average,T2-CAPE-1,49970.0,16338.0,48370.0,44960.0,44960.0,44960.0,46460.0,43360.0,0.946,0.009,0.019,0.021,0.018,0.003,0.002,0.006,0.004,0.002,1.0,347.0,4.0,2.0,6.0,284.10485899,284.31,66.8,284.10485899,Streptococcus,36732.63,0.123,32.537,4.791,-0.4,0.055,0.018,0.074,0.055,0.046,0.052,0.018,0.037,0.065,0.086,0.022,0.077,0.037,0.037,0.018,0.083,0.065,0.077,0.009,0.068
Run 2,T2,7346.526,CAC,33240.0,Average,T2-CAC-1,49970.0,16338.0,48370.0,44960.0,44960.0,44960.0,46460.0,43360.0,0.985,0.056,0.01,0.028,0.004,0.002,0.001,0.001,0.005,0.003,1.0,500.0,4.0,3.0,2.0,332.19875937,332.4,77.8,332.19875937,Streptococcus,36732.63,0.123,32.537,4.791,-0.4,0.055,0.018,0.074,0.055,0.046,0.052,0.018,0.037,0.065,0.086,0.022,0.077,0.037,0.037,0.018,0.083,0.065,0.077,0.009,0.068
Run 3,T2,7346.526,I,31940.0,Average,T2-I-1,49970.0,16338.0,48370.0,44960.0,44960.0,44960.0,46460.0,43360.0,0.039,0.009,0.009,0.012,0.002,2.288,0.009,0.008,0.005,0.002,1.0,465.0,5.0,1.0,6.0,319.08782920,319.4,80.9,319.08782920,Streptococcus,36732.63,0.123,32.537,4.791,-0.4,0.055,0.018,0.074,0.055,0.046,0.052,0.018,0.037,0.065,0.086,0.022,0.077,0.037,0.037,0.018,0.083,0.065,0.077,0.009,0.068
Run 3,T2,7346.526,II,48660.0,Average,T2-II-1,49970.0,16338.0,48370.0,44960.0,44960.0,44960.0,46460.0,43360.0,0.059,0.008,0.008,0.008,0.001,0.172,0.017,0.013,0.002,0.0,1.0,996.0,6.0,2.0,4.0,486.15864315,486.6,149.0,486.15864315,Streptococcus,36732.63,0.123,32.537,4.791,-0.4,0.055,0.018,0.074,0.055,0.046,0.052,0.018,0.037,0.065,0.086,0.022,0.077,0.037,0.037,0.018,0.083,0.065,0.077,0.009,0.068
Run 3,T2,7346.526,III,27440.0,Average,T2-III-1,49970.0,16338.0,48370.0,44960.0,44960.0,44960.0,46460.0,43360.0,0.032,0.005,0.164,0.007,0.001,0.093,0.008,0.006,0.005,0.001,1.0,378.0,2.0,2.0,0.0,274.193280068,274.4,40.5,274.193280068,Streptococcus,36732.63,0.123,32.537,4.791,-0.4,0.055,0.018,0.074,0.055,0.046,0.052,0.018,0.037,0.065,0.086,0.022,0.077,0.037,0.037,0.018,0.083,0.065,0.077,0.009,0.068
Run 2,T2,7346.526,IV,46450.0,Average,T2-IV-1,49970.0,16338.0,48370.0,44960.0,44960.0,44960.0,46460.0,43360.0,0.807,0.026,0.007,0.025,0.003,0.018,0.0,0.001,0.004,0.002,1.0,616.0,10.0,3.0,6.0,464.07008596,464.5,148.0,464.07008596,Streptococcus,36732.63,0.123,32.537,4.791,-0.4,0.055,0.018,0.074,0.055,0.046,0.052,0.018,0.037,0.065,0.086,0.022,0.077,0.037,0.037,0.018,0.083,0.065,0.077,0.009,0.068
Run 2,T2,7346.526,V,31940.0,Average,T2-V-1,49970.0,16338.0,48370.0,44960.0,44960.0,44960.0,46460.0,43360.0,0.605,0.067,0.02,0.04,0.02,0.009,0.004,0.001,0.014,0.003,1.0,541.0,3.0,2.0,0.0,319.132076794,319.4,59.6,319.132076794,Streptococcus,36732.63,0.123,32.537,4.791,-0.4,0.055,0.018,0.074,0.055,0.046,0.052,0.018,0.037,0.065,0.086,0.022,0.077,0.037,0.037,0.018,0.083,0.065,0.077,0.009,0.068
Run 2,T2,7346.526,VII,40440.0,Average,T2-VII-1,49970.0,16338.0,48370.0,44960.0,44960.0,44960.0,46460.0,43360.0,2.705,0.23,0.297,0.064,0.075,0.011,0.046,0.229,0.05,0.029,1.0,767.0,6.0,1.0,4.0,404.13722174,404.4,84.9,404.13722174,Streptococcus,36732.63,0.123,32.537,4.791,-0.4,0.055,0.018,0.074,0.055,0.046,0.052,0.018,0.037,0.065,0.086,0.022,0.077,0.037,0.037,0.018,0.083,0.065,0.077,0.009,0.068
Run 3,T2,7346.526,VIII,39222.0,Average,T2-VIII-1,49970.0,16338.0,48370.0,44960.0,44960.0,44960.0,46460.0,43360.0,0.007,0.002,0.002,0.002,0.0,0.191,0.003,0.002,0.001,0.0,1.0,548.0,11.0,1.0,3.0,392.05711637,392.22,32.3,392.05711637,Streptococcus,36732.63,0.123,32.537,4.791,-0.4,0.055,0.018,0.074,0.055,0.046,0.052,0.018,0.037,0.065,0.086,0.022,0.077,0.037,0.037,0.018,0.083,0.065,0.077,0.009,0.068
Run 2,T2,7346.526,IX,36940.0,Average,T2-IX-1,49970.0,16338.0,48370.0,44960.0,44960.0,44960.0,46460.0,43360.0,0.634,0.027,0.007,0.012,0.006,0.005,0.001,0.001,0.003,0.003,1.0,503.0,6.0,0.0,5.0,369.12123733,369.4,90.6,369.12123733,Streptococcus,36732.63,0.123,32.537,4.791,-0.4,0.055,0.018,0.074,0.055,0.046,0.052,0.018,0.037,0.065,0.086,0.022,0.077,0.037,0.037,0.018,0.083,0.065,0.077,0.009,0.068
Run 2,T2,7346.526,X,40250.0,Average,T2-X-1,49970.0,16338.0,48370.0,44960.0,44960.0,44960.0,46460.0,43360.0,5.477,0.369,0.655,0.064,0.313,0.019,0.098,0.427,0.049,0.118,1.0,612.0,5.0,3.0,6.0,402.21547206,402.5,96.9,402.21547206,Streptococcus,36732.63,0.123,32.537,4.791,-0.4,0.055,0.018,0.074,0.055,0.046,0.052,0.018,0.037,0.065,0.086,0.022,0.077,0.037,0.037,0.018,0.083,0.065,0.077,0.009,0.068
Run 4,T2,7346.526,XI,37740.0,Average,T2-XI-1,49970.0,16338.0,48370.0,44960.0,44960.0,44960.0,46460.0,43360.0,0.266,0.043,0.024,0.018,0.01,0.211,0.013,0.011,0.008,0.005,1.0,573.0,4.0,1.0,5.0,377.16270821,377.4,64.6,377.16270821,Streptococcus,36732.63,0.123,32.537,4.791,-0.4,0.055,0.018,0.074,0.055,0.046,0.052,0.018,0.037,0.065,0.086,0.022,0.077,0.037,0.037,0.018,0.083,0.065,0.077,0.009,0.068
Run 4,T2,7346.526,XII,32540.0,Average,T2-XII-1,49970.0,16338.0,48370.0,44960.0,44960.0,44960.0,46460.0,43360.0,0.207,0.06,0.043,0.019,0.013,0.037,0.016,0.014,0.008,0.007,1.0,549.0,2.0,1.0,2.0,325.17902698,325.4,56.4,325.17902698,Streptococcus,36732.63,0.123,32.537,4.791,-0.4,0.055,0.018,0.074,0.055,0.046,0.052,0.018,0.037,0.065,0.086,0.022,0.077,0.037,0.037,0.018,0.083,0.065,0.077,0.009,0.068
Run 4,T2,7346.526,XIII,47950.0,Average,T2-XIII-1,49970.0,16338.0,48370.0,44960.0,44960.0,44960.0,46460.0,43360.0,0.152,0.037,0.025,0.015,0.01,4.98,0.013,0.012,0.008,0.007,1.0,947.0,6.0,0.0,5.0,479.14025869,479.5,102.0,479.14025869,Streptococcus,36732.63,0.123,32.537,4.791,-0.4,0.055,0.018,0.074,0.055,0.046,0.052,0.018,0.037,0.065,0.086,0.022,0.077,0.037,0.037,0.018,0.083,0.065,0.077,0.009,0.068
Run 5,T2,7346.526,XIV,35940.0,Average,T2-XIV-1,49970.0,16338.0,48370.0,44960.0,44960.0,44960.0,46460.0,43360.0,1.751,0.328,0.247,0.081,0.173,0.557,0.136,0.076,0.021,0.041,1.0,621.0,2.0,2.0,2.0,359.16337692,359.4,65.2,359.16337692,Streptococcus,36732.63,0.123,32.537,4.791,-0.4,0.055,0.018,0.074,0.055,0.046,0.052,0.018,0.037,0.065,0.086,0.022,0.077,0.037,0.037,0.018,0.083,0.065,0.077,0.009,0.068
Run 2,T2,7346.526,XV,29430.0,Average,T2-XV-1,49970.0,16338.0,48370.0,44960.0,44960.0,44960.0,46460.0,43360.0,0.597,0.016,0.012,0.028,0.014,0.009,0.001,0.007,0.003,0.004,1.0,422.0,3.0,1.0,4.0,294.125594432,294.3,46.5,294.125594432,Streptococcus,36732.63,0.123,32.537,4.791,-0.4,0.055,0.018,0.074,0.055,0.046,0.052,0.018,0.037,0.065,0.086,0.022,0.077,0.037,0.037,0.018,0.083,0.065,0.077,0.009,0.068
Run 5,T2,7346.526,XVI,34640.0,Average,T2-XVI-1,49970.0,16338.0,48370.0,44960.0,44960.0,44960.0,46460.0,43360.0,2.162,0.333,0.275,0.112,0.091,0.31,0.091,0.068,0.032,0.04,1.0,572.0,5.0,3.0,1.0,346.17802393,346.4,87.0,346.17802393,Streptococcus,36732.63,0.123,32.537,4.791,-0.4,0.055,0.018,0.074,0.055,0.046,0.052,0.018,0.037,0.065,0.086,0.022,0.077,0.037,0.037,0.018,0.083,0.065,0.077,0.009,0.068
Run 5,T2,7346.526,XVII,34640.0,Average,T2-XVII-1,49970.0,16338.0,48370.0,44960.0,44960.0,44960.0,46460.0,43360.0,1.984,0.326,0.322,0.08,0.137,14.313,0.14,0.11,0.04,0.04,1.0,572.0,5.0,3.0,1.0,346.17802393,346.4,87.0,346.17802393,Streptococcus,36732.63,0.123,32.537,4.791,-0.4,0.055,0.018,0.074,0.055,0.046,0.052,0.018,0.037,0.065,0.086,0.022,0.077,0.037,0.037,0.018,0.083,0.065,0.077,0.009,0.068
Run 5,T2,7346.526,XVIII,33040.0,Average,T2-XVIII-1,49970.0,16338.0,48370.0,44960.0,44960.0,44960.0,46460.0,43360.0,2.391,0.195,0.163,0.066,0.073,0.151,0.055,0.044,0.019,0.019,1.0,542.0,4.0,2.0,1.0,330.18310931,330.4,66.8,330.18310931,Streptococcus,36732.63,0.123,32.537,4.791,-0.4,0.055,0.018,0.074,0.055,0.046,0.052,0.018,0.037,0.065,0.086,0.022,0.077,0.037,0.037,0.018,0.083,0.065,0.077,0.009,0.068
Run 6,T2,7346.526,XIX,34640.0,Average,T2-XIX-1,49970.0,16338.0,48370.0,44960.0,44960.0,44960.0,46460.0,43360.0,2.344,0.025,0.015,0.029,0.01,0.67,0.005,0.006,0.011,0.007,1.0,572.0,5.0,3.0,1.0,346.17802393,346.4,87.0,346.17802393,Streptococcus,36732.63,0.123,32.537,4.791,-0.4,0.055,0.018,0.074,0.055,0.046,0.052,0.018,0.037,0.065,0.086,0.022,0.077,0.037,0.037,0.018,0.083,0.065,0.077,0.009,0.068
Run 6,T2,7346.526,XX,37450.0,Average,T2-XX-1,49970.0,16338.0,48370.0,44960.0,44960.0,44960.0,46460.0,43360.0,1.638,0.029,0.015,0.023,0.012,2.537,0.009,0.008,0.013,0.009,1.0,602.0,5.0,2.0,3.0,374.20932405,374.5,76.0,374.20932405,Streptococcus,36732.63,0.123,32.537,4.791,-0.4,0.055,0.018,0.074,0.055,0.046,0.052,0.018,0.037,0.065,0.086,0.022,0.077,0.037,0.037,0.018,0.083,0.065,0.077,0.009,0.068
